GeneA,GeneB
AIP,AHR
AIP,GREB1
AIP,NFKB2
AIP,RSF1
AIP,TFF1
APBB1,GMPS
APC,AKT1
APC,AMHR2
APC,BIRC5
APC,DLG1
APC,DNMT1
APC,F8
APC,KLF4
APC,MYC
APC,NOS2
APC,ODC1
APC,PTGS2
APC,PTGS2
APC,SGK1
ARID1A,CDKN1A
ARID1A,SMAD3
ARNTL,BHLHE40
ARNTL,CRY1
ARNTL,CRY1
ARNTL,CRY2
ARNTL,CRY2
ARNTL,PER1
ARNTL,PER1
ARNTL,PER2
ARNTL,PER2
ARNTL,PER3
ASH1L,TGFB1
ASH1L,TIMP1
ASXL1,FABP4
ATF1,BCL2
ATF1,CCNA1
ATF1,CFTR
ATF1,CGA
ATF1,CYP11B1
ATF1,CYP11B2
ATF1,ERBB2
ATF1,FLT1
ATF1,FTH1
ATF1,FTH1
ATF1,GABPA
ATF1,IL10
ATF1,LDHA
ATF1,MAP1LC3B
ATF1,MITF
ATF1,MITF
ATF1,MUC2
ATF1,NTS
ATF1,PCSK1
ATF1,PLAUR
ATF1,SLC20A1
ATF1,SLC22A8
ATF1,TGFB2
ATF1,TH
ATF1,TOP2A
ATF1,USP7
ATF2,APOC3
ATF2,ATF3
ATF2,CCND1
ATF2,CDKN1A
ATF2,CYP11B1
ATF2,CYP11B2
ATF2,DUSP1
ATF2,DUSP10
ATF2,FAS
ATF2,FASLG
ATF2,FN1
ATF2,KAT5
ATF2,IFNB1
ATF2,IFNB1
ATF2,IFNG
ATF2,IMPDH2
ATF2,INS
ATF2,INS
ATF2,ITGB8
ATF2,JUN
ATF2,MAP3K1
ATF2,MMP2
ATF2,NOS3
ATF2,PCK1
ATF2,PCK2
ATF2,PLAT
ATF2,PLAU
ATF2,POLB
ATF2,PTGS2
ATF2,RELA
ATF2,RETN
ATF2,ST3GAL5
ATF2,TGFB2
ATF2,TNF
ATF5,BCL2
ATF5,CCND3
ATF5,CREB1
ATF5,CYP2B6
ATF5,DISC1
ATF5,EGR1
ATF5,ID1
ATF5,SH2D1A
ATF7,ERBB2
ATF7,TAF12
ATRX,HBA1
ATRX,HBA2
BARX2,ESR1
BDP1,MYC
BDP1,RB1
BDP1,TP53
BMI1,TERT
BPTF,HOXC8
BRCA1,AREG
BRCA1,ASPM
BRCA1,ATM
BRCA1,BACH1
BRCA1,BRCA2
BRCA1,CASR
BRCA1,CCNB1
BRCA1,CCND1
BRCA1,CDH3
BRCA1,CDH3
BRCA1,CDKN1A
BRCA1,CDKN1A
BRCA1,CDKN1B
BRCA1,CDKN1B
BRCA1,CTSD
BRCA1,CXCL1
BRCA1,CYP19A1
BRCA1,CYP19A1
BRCA1,CYP1A1
BRCA1,CYP1B1
BRCA1,DDB2
BRCA1,DDIT3
BRCA1,E2F6
BRCA1,EGFR
BRCA1,EGR1
BRCA1,EP300
BRCA1,EP300
BRCA1,ESR1
BRCA1,FOS
BRCA1,FOXC1
BRCA1,FOXC2
BRCA1,FST
BRCA1,GADD45A
BRCA1,GADD45A
BRCA1,GADD45A
BRCA1,HIF1A
BRCA1,HMGA2
BRCA1,HNRNPA2B1
BRCA1,HSPA5
BRCA1,IFNA1
BRCA1,IGF1
BRCA1,IGF1R
BRCA1,IRF7
BRCA1,IRF9
BRCA1,JAK1
BRCA1,JAK2
BRCA1,KHSRP
BRCA1,KRT17
BRCA1,KRT18
BRCA1,KRT5
BRCA1,MAD2L1
BRCA1,MDC1
BRCA1,MDM2
BRCA1,MYC
BRCA1,RNASEL
BRCA1,S100A2
BRCA1,SIRT1
BRCA1,STAT1
BRCA1,STAT2
BRCA1,STAT3
BRCA1,TFF1
BRCA1,TP63
BRCA1,VEGFA
BRCA1,XPC
BRD7,BRD2
BRD7,BRD3
BRD7,E2F3
BRD7,E2F3
BRPF1,ING5
BRPF1,MEAF6
BTF3,ABL2
BTF3,ATM
BTF3,EPHB2
BTF3,HPSE2
BTF3,MADCAM1
BTF3,MRVI1
BTF3,NFKB1
BTF3,RRAS2
BTF3,SSPN
BTG2,CCND1
BTG2,HRAS
BTG2,KLK3
BTG2,SPHK1
CBX7,CCNE1
CBX7,CDH1
CBX8,CDKN1A
CDC5L,PLRG1
CEBPA,AFP
CEBPA,ALB
CEBPA,BCL2
CEBPA,CCL2
CEBPA,CD163
CEBPA,CRMP1
CEBPA,CSF1
CEBPA,CSF2RA
CEBPA,CSF3R
CEBPA,CXCR2
CEBPA,CYP3A4
CEBPA,DEFA3
CEBPA,ELANE
CEBPA,ELANE
CEBPA,F9
CEBPA,FN1
CEBPA,GAPDH
CEBPA,HAMP
CEBPA,HK3
CEBPA,HOMER3
CEBPA,HSD17B11
CEBPA,HSPA4
CEBPA,ICAM1
CEBPA,ID1
CEBPA,IGF1
CEBPA,IGF2
CEBPA,IL10
CEBPA,IL3
CEBPA,IL5
CEBPA,IL6
CEBPA,INSR
CEBPA,ITGAX
CEBPA,LEP
CEBPA,MAD1L1
CEBPA,MSR1
CEBPA,MYC
CEBPA,PCK1
CEBPA,PCK2
CEBPA,PRL
CEBPA,S100A9
CEBPA,SAA1
CEBPA,SERPINC1
CEBPA,SFTPD
CEBPA,SLC10A1
CEBPA,SOCS3
CEBPA,SPI1
CEBPA,SPP1
CEBPA,STAR
CEBPA,STAT3
CEBPA,TLR9
CEBPA,VLDLR
CEBPG,HBB
CEBPG,SFTPD
CEBPZ,APC
CEBPZ,COL11A1
CEBPZ,COL1A2
CEBPZ,GZMB
CEBPZ,MLH1
CEBPZ,SOX9
CHD4,CD79A
CHD4,RNF8
CIITA,COL1A1
CIITA,COL1A2
CIITA,COL1A2
CIITA,CREBBP
CIITA,FASLG
CIITA,HLA-A
CIITA,HLA-B
CIITA,HLA-C
CIITA,HLA-DMA
CIITA,HLA-DMA
CIITA,HLA-DMB
CIITA,HLA-DMB
CIITA,HLA-DOA
CIITA,HLA-DOB
CIITA,HLA-DPB1
CIITA,HLA-DQB1
CIITA,HLA-DRA
CIITA,HLA-DRA
CIITA,HLA-DRB1
CIITA,HLA-DRB5
CIITA,HLA-F
CIITA,HLA-G
CIITA,IL4
CIITA,IL4
CIITA,IRF1
CIITA,IRF2
CIITA,MMP9
CIITA,PLXNA1
CIITA,PSMC5
CIITA,RAB4B
CIITA,S100A4
CIITA,SIRT1
CIITA,SLC26A3
CIITA,STAT1
CITED2,MMP1
CITED2,MMP13
CLOCK,BHLHE40
CLOCK,BHLHE41
CLOCK,CRY1
CLOCK,CRY1
CLOCK,CRY2
CLOCK,CRY2
CLOCK,DEC1
CLOCK,KAT5
CLOCK,NAMPT
CLOCK,NR0B2
CLOCK,NR3C1
CLOCK,PER1
CLOCK,PER1
CLOCK,PER2
CLOCK,PER2
CLOCK,PER3
CLOCK,STAR
CLOCK,TPO
CNBP,MYC
CNOT7,MSMB
CNOT7,PMP22
COPS5,CDKN1B
COPS5,VEGFA
CREB1,ACACA
CREB1,ADRA1A
CREB1,AQP3
CREB1,AR
CREB1,BCL2
CREB1,BCL2
CREB1,BCL2L11
CREB1,BDKRB1
CREB1,BDKRB2
CREB1,BDNF
CREB1,CASP8
CREB1,CCK
CREB1,CCL5
CREB1,CD4
CREB1,CGA
CREB1,CRTC1
CREB1,CXCR4
CREB1,CYP11A1
CREB1,CYP11B1
CREB1,CYP11B2
CREB1,CYP17A1
CREB1,CYP19A1
CREB1,ERBB2
CREB1,ETV3
CREB1,FLT1
CREB1,FOS
CREB1,FOXA1
CREB1,GABPA
CREB1,GRPR
CREB1,GSK3A
CREB1,GSK3B
CREB1,HLA-DOB
CREB1,HLA-DQB1
CREB1,HMOX1
CREB1,HPGD
CREB1,IFNG
CREB1,IFNG
CREB1,IFNG
CREB1,IL10
CREB1,IL10
CREB1,IL2
CREB1,IL5RA
CREB1,IL6
CREB1,JUN
CREB1,JUN
CREB1,LAPTM4B
CREB1,LYL1
CREB1,MC2R
CREB1,MITF
CREB1,MMP2
CREB1,MSMB
CREB1,MUC4
CREB1,MUC4
CREB1,MUC5AC
CREB1,NDC80
CREB1,NF1
CREB1,NMNAT2
CREB1,NOLC1
CREB1,NPY
CREB1,NR2F1
CREB1,NR2F6
CREB1,NR4A3
CREB1,NR5A2
CREB1,NRF1
CREB1,NTS
CREB1,ODC1
CREB1,PCSK1
CREB1,PLAT
CREB1,PLAU
CREB1,POLD2
CREB1,PPM1D
CREB1,PPP2CA
CREB1,PPP2R2B
CREB1,PRL
CREB1,PSEN1
CREB1,PTGES
CREB1,PTGS2
CREB1,RP1
CREB1,RRM2B
CREB1,SLC19A1
CREB1,SLC20A1
CREB1,SLC22A8
CREB1,SLC39A1
CREB1,SMAD6
CREB1,SNAI1
CREB1,SNAI2
CREB1,SOX9
CREB1,SPRY2
CREB1,STMN1
CREB1,TH
CREB1,TLR9
CREB1,TRH
CREB1,UXT
CREB1,VIP
CREB1,XPC
CREB3L4,DNAJC12
CREG1,HSPA4
CREM,ACE
CREM,ACR
CREM,FHL5
CREM,CCL4
CREM,CCNA1
CREM,CCNA2
CREM,CD247
CREM,CREB1
CREM,DUSP1
CREM,DUSP4
CREM,FASLG
CREM,FOS
CREM,G6PD
CREM,GPX4
CREM,IL2
CREM,IL2
CREM,IL5RA
CREM,LDHC
CREM,MC2R
CREM,MC2R
CREM,PLAT
CREM,SLC5A5
CREM,SLC5A5
CREM,STAR
CREM,TAF4
CREM,TBP
CREM,TH
CREM,ZAP70
CREB1,IBSP
CTBP1,BRCA1
CTBP1,BRCA2
CTBP1,CLDN7
CTBP1,KRT18
CTCF,ANG
CTCF,APP
CTCF,APP
CTCF,ASAP2
CTCF,ATXN7
CTCF,BBC3
CTCF,BCL6
CTCF,BRCA1
CTCF,CCND1
CTCF,CELSR3
CTCF,CSF2
CTCF,DMPK
CTCF,ETNK2
CTCF,H19
CTCF,PBXIP1
CTCF,IGF2
CTCF,IPO13
CTCF,IRAK2
CTCF,MEG3
CTCF,MYC
CTCF,MYC
CTCF,MYC
CTCF,NANOG
CTCF,NF1
CTCF,PAX6
CTCF,PAX6
CTCF,PAX6
CTCF,PBXIP1
CTCF,PTPRG
CTCF,RAD21
CTCF,RARRES1
CTCF,RBL2
CTCF,SIX5
CTCF,SLC6A4
CTCF,TERT
CTCF,WT1
CTNNB1,AR
CTNNB1,BIRC5
CTNNB1,CCND1
CTNNB1,CCND1
CTNNB1,CCND1
CTNNB1,CD44
CTNNB1,CHGA
CTNNB1,CLDN2
CTNNB1,FST
CTNNB1,GLCE
CTNNB1,GLI2
CTNNB1,JUN
CTNNB1,JUN
CTNNB1,MMP14
CTNNB1,MMP7
CTNNB1,MYC
CTNNB1,MYC
CTNNB1,NCOA2
CTNNB1,NRCAM
CTNNB1,PLD1
CTNNB1,PPARD
CTNNB1,PTGS2
CTNNB1,RB1
CTNNB1,STARD7
CTNNB1,TCF7
CTNNB1,VIM
CTNNBIP1,GLI2
CTNNBIP1,MMP14
CTNNBIP1,STMN2
DACH1,FOS
DACH1,PELP1
DACH1,TNFSF11
DBP,ACKR1
DBP,ALDOB
DBP,CYP3A4
DBP,CYP7A1
DDB1,CDKN2A
DDX5,H19
DDX5,IGF2
DENND4A,ERBB2
DMAP1,ATM
DMAP1,BAX
DMAP1,CDKN1A
DMAP1,DNMT1
DNMT3A,CDH6
DNMT3A,CDKN1A
DNMT3A,CDKN2A
DNMT3A,IGFBP3
DNMT3A,JUP
DNMT3A,POU5F1
DNMT3A,SETDB1
DNMT3A,SFRP1
DNMT3A,SFRP5
DR1,NR1I2
DR1,NR2C2
DR1,PTGS2
DR1,TBP
DR1,TBP
DRAP1,TBP
E2F4,AR
E2F4,AURKB
E2F4,BIRC5
E2F4,BRCA1
E2F4,BRCA1
E2F4,BRCA1
E2F4,CCNB1
E2F4,CCND1
E2F4,CDK2
E2F4,CUX1
E2F4,DIRAS3
E2F4,HCFC1
E2F4,PCLAF
E2F4,LIN54
E2F4,LTBP4
E2F4,MAP3K5
E2F4,MCM10
E2F4,MYC
E2F4,PEG10
E2F4,PLK1
E2F4,PLK4
E2F4,PPARG
E2F4,RAD51
E2F4,RAD51
E2F4,TOPBP1
E2F4,TTK
E2F6,APAF1
E2F6,BRCA1
E2F6,BRD7
E2F6,CYC1
E2F6,E2F1
E2F6,IL13
E2F6,PCLAF
EAF1,ELL
EAPP,ABCB1
EAPP,CDKN1A
EAPP,CDKN2A
EAPP,MAOB
EBF1,ATF5
EED,CPEB1
EGF,STAT1
EGR1,ABCB1
EGR1,ABCB1
EGR1,ACE
EGR1,ACE
EGR1,ACHE
EGR1,AKR1B1
EGR1,ALOX5
EGR1,ALOX5
EGR1,ALOX5
EGR1,AR
EGR1,ATF3
EGR1,ATF3
EGR1,BCAR1
EGR1,CACNA1H
EGR1,CCND1
EGR1,CCND1
EGR1,CCND2
EGR1,CD28
EGR1,CDK5R1
EGR1,CDKN1A
EGR1,CHGA
EGR1,CXCL8
EGR1,CXCL8
EGR1,CYP2B6
EGR1,DMRT1
EGR1,EAPP
EGR1,EGFR
EGR1,EP300
EGR1,EP300
EGR1,F3
EGR1,FAP
EGR1,FAP
EGR1,FAS
EGR1,FASLG
EGR1,FCER2
EGR1,FGF2
EGR1,FLT1
EGR1,FN1
EGR1,FN1
EGR1,GDF15
EGR1,GDF15
EGR1,GDNF
EGR1,GGPS1
EGR1,HIF1A
EGR1,HPSE
EGR1,HPSE
EGR1,HSD11B2
EGR1,HYAL1
EGR1,IFNG
EGR1,IGF2
EGR1,IGF2
EGR1,IL2
EGR1,IL2RB
EGR1,IL3
EGR1,IL6
EGR1,IMPDH2
EGR1,KLK3
EGR1,LDLR
EGR1,LDLR
EGR1,LHB
EGR1,LHB
EGR1,LMTK2
EGR1,LTB
EGR1,MMP14
EGR1,MYB
EGR1,NAB2
EGR1,NFKB1
EGR1,PCSK2
EGR1,PDGFB
EGR1,PDGFC
EGR1,PLAU
EGR1,PLAUR
EGR1,POR
EGR1,PPARG
EGR1,PSEN2
EGR1,PTEN
EGR1,PTEN
EGR1,PTGES
EGR1,PTGS2
EGR1,PTP4A1
EGR1,RBL2
EGR1,SLC4A2
EGR1,SLC4A2
EGR1,SLC9A3
EGR1,SOD1
EGR1,SOX18
EGR1,SPRY1
EGR1,STIM1
EGR1,STMN1
EGR1,SYN1
EGR1,SYN2
EGR1,TBXA2R
EGR1,TCF4
EGR1,TFPI2
EGR1,TGFBR2
EGR1,TH
EGR1,TMPO
EGR1,TNF
EGR1,TNFSF10
EGR1,TOE1
EGR1,TP53
EGR1,TP73
EGR1,UBE2S
EGR1,VEGFA
EGR1,VEGFA
EGR1,VEGFA
EGR1,WNT4
EGR1,WNT4
EHMT2,BIRC5
EHMT2,CDKN1A
EHMT2,RUNX3
EHMT2,SIAH1
EIF2AK2,CD4
EIF2AK2,IRS2
ELF2,TEK
ELF2,VCP
ELK1,CITED2
ELK1,DAP3
ELK1,EIF2AK1
ELK1,ERBB2
ELK1,EZH2
ELK1,FOS
ELK1,FOSL1
ELK1,FUT4
ELK1,MCL1
ELK1,MECOM
ELK1,MUC4
ELK1,PDGFB
ELK1,PSEN1
ELK1,PTPRZ1
ELK1,SKP2
ELK1,SRF
ELK1,TLR9
ELK1,TNFRSF10B
ELK1,WISP2
ELK1,ZFP36
ELK3,MYH6
ELK4,FOS
ELK4,FOS
ELK4,MCL1
ELK4,NR2C2
ELL,BAX
ELL,CDKN1A
ELL,E2F1
ELL,MDM2
EP300,ABCB1
EP300,ALOX15
EP300,BIRC5
EP300,BIRC5
EP300,BRCA1
EP300,BRCA1
EP300,CA9
EP300,CCNB2
EP300,CCND1
EP300,CCNE1
EP300,CDKN1A
EP300,CDKN1A
EP300,CDKN2B
EP300,COL1A2
EP300,CRABP1
EP300,CREBBP
EP300,CXCL8
EP300,CYBB
EP300,CYP1B1
EP300,DNMT1
EP300,EIF2AK1
EP300,EPO
EP300,ERBB2
EP300,EZH2
EP300,GFAP
EP300,HINFP
EP300,IFNG
EP300,IGF1
EP300,IGFBP3
EP300,IL12B
EP300,IL5
EP300,IL6
EP300,KLK3
EP300,KRT16
EP300,LAMA3
EP300,MDM2
EP300,MGMT
EP300,MMP9
EP300,MYC
EP300,NFKB1
EP300,NR0B2
EP300,NR1H4
EP300,PARP1
EP300,PCNA
EP300,PTGS2
EP300,PTGS2
EP300,RAD51
EP300,RELA
EP300,RS1
EP300,S100A4
EP300,SLC9A2
EP300,TBXAS1
EP300,THBD
EP300,TP73
EP300,TRIM22
EP300,VCAM1
EP300,VEGFA
EP300,WT1
EP300,YY1
EP300,ZEB1
EPAS1,CA9
EPAS1,CCR7
EPAS1,COL10A1
EPAS1,FLT1
EPAS1,MMP14
EPAS1,MSC
EPAS1,PTPRZ1
EPAS1,SERPINE1
EPAS1,USF2
EPAS1,VEGFA
EPAS1,VEGFA
ERCC2,BAX
ERCC2,BCL2
ERCC2,CDKN1A
ERCC2,CPD
ERCC2,E2F1
ERCC2,LAMTOR5
ERCC2,TP53
ERCC2,XPA
ERF,ETS2
ERF,PRL
ERF,UTRN
ERG,ADAMTS1
ERG,CDH5
ERG,CRISP3
ERG,CXCL8
ERG,CXCR4
ERG,ENG
ERG,ENG
ERG,EPB41L3
ERG,EPB41L4B
ERG,ERG
ERG,FGF2
ERG,HMOX1
ERG,HPGD
ERG,ICAM1
ERG,ICAM2
ERG,ILK
ERG,KCNN2
ERG,PIM1
ERG,SOX4
ERG,SPP1
ERG,TDRD1
ERG,TDRD1
ERG,TFF3
ERG,TMPRSS2
ERG,VIM
ERG,VWF
ERG,VWF
ERG,WNT11
ERG,ZEB1
ESR1,ABCG2
ESR1,AHR
ESR1,AMH
ESR1,AR
ESR1,AVP
ESR1,BCL2
ESR1,BCL2
ESR1,BLM
ESR1,BRCA1
ESR1,BTG2
ESR1,CCNA2
ESR1,CCND1
ESR1,CCND1
ESR1,CD24
ESR1,CDH1
ESR1,CDK4
ESR1,CDKN1A
ESR1,CDKN1A
ESR1,CDKN1B
ESR1,CEBPB
ESR1,CHAT
ESR1,CRH
ESR1,CRHBP
ESR1,CTNNB1
ESR1,CTSD
ESR1,CXCL12
ESR1,CYP19A1
ESR1,CYP1A1
ESR1,CYP1B1
ESR1,CYP2C19
ESR1,DCT
ESR1,E2F1
ESR1,EGFR
ESR1,ESR1
ESR1,ESRRA
ESR1,F12
ESR1,FLT1
ESR1,FOS
ESR1,FOXP1
ESR1,GREB1
ESR1,GREB1
ESR1,HSPB1
ESR1,HTRA2
ESR1,JAK2
ESR1,JUN
ESR1,JUN
ESR1,JUNB
ESR1,KDR
ESR1,KRT19
ESR1,MDM2
ESR1,MICB
ESR1,MMP13
ESR1,MTA3
ESR1,MYC
ESR1,NQO1
ESR1,NR5A2
ESR1,NRF1
ESR1,OXT
ESR1,PELP1
ESR1,PGR
ESR1,PGR
ESR1,PLAC1
ESR1,PLAC1
ESR1,PMAIP1
ESR1,PTMA
ESR1,RARA
ESR1,RET
ESR1,RUNX2
ESR1,SERPINB9
ESR1,SERPINE1
ESR1,SP1
ESR1,TAC3
ESR1,TERT
ESR1,TFF1
ESR1,TFF1
ESR1,TGFA
ESR1,TGFA
ESR1,TP53
ESR1,TYMS
ESR1,UGT1A4
ESR1,UGT2B15
ESR1,VEGFA
ESR1,VEGFA
ESR1,YWHAQ
ESR1,ZEB1
ESR1,ZFHX3
ESRRA,AHR
ESRRA,CYP19A1
ESRRA,CYP19A1
ESRRA,DAP3
ESRRA,NR2F1
ESRRA,NR2F6
ESRRA,NRIP1
ESRRA,PNRC1
ESRRA,SNAI1
ESRRA,SNAI2
ESRRG,NR0B1
ETS1,ABCB1
ETS1,ANGPT2
ETS1,ANPEP
ETS1,ATXN2
ETS1,BAX
ETS1,BMP4
ETS1,EMSY
ETS1,CA9
ETS1,CASP1
ETS1,CD6
ETS1,CD8A
ETS1,CDKN1A
ETS1,CDKN2A
ETS1,CHUK
ETS1,COL1A1
ETS1,CR1
ETS1,CSF2
ETS1,CSF3R
ETS1,CSNK2A1
ETS1,CSNK2B
ETS1,CTGF
ETS1,CTSB
ETS1,CXCR4
ETS1,DUSP6
ETS1,ECE1
ETS1,EGR1
ETS1,EGR1
ETS1,ERG
ETS1,F13A1
ETS1,FGFBP1
ETS1,FLI1
ETS1,FLT1
ETS1,FOXD1
ETS1,GP6
ETS1,GRPR
ETS1,HMOX1
ETS1,HPGD
ETS1,IGFBP1
ETS1,IL2
ETS1,IL2RB
ETS1,IL3
ETS1,IL5
ETS1,ITGB3
ETS1,LCK
ETS1,MDM2
ETS1,MGAT5
ETS1,MMP1
ETS1,MMP1
ETS1,MMP10
ETS1,MMP13
ETS1,MMP3
ETS1,MMP9
ETS1,MMP9
ETS1,MUC4
ETS1,MYB
ETS1,NDRG1
ETS1,NKX3-1
ETS1,PARP1
ETS1,PARP1
ETS1,PF4
ETS1,PF4
ETS1,PLAU
ETS1,PRL
ETS1,PRL
ETS1,PTHLH
ETS1,PTHLH
ETS1,RHOC
ETS1,SLC26A3
ETS1,SPRY2
ETS1,SQSTM1
ETS1,TAF12
ETS1,TBXA2R
ETS1,TBXAS1
ETS1,TERT
ETS1,TFAP2A
ETS1,TGFBR2
ETS1,TGFBR2
ETS1,TMEM158
ETS1,TNC
ETS1,TNC
ETS1,TNFSF14
ETS1,TP53
ETS1,VWF
ETS1,WAS
ETS1,WT1
ETV3,MMP1
ETV3,NFKB1
ETV3,RELA
ETV7,ETS1
ETV7,ETS2
ETV7,ETV6
EVX1,GSC
EWSR1,ATF1
EWSR1,CCK
EWSR1,EGR2
EWSR1,MITF
EWSR1,NR0B1
EWSR1,PHLDA1
EWSR1,POU4F1
EWSR1,TERT
EWSR1,TGFBR2
EZH2,ADAMTS1
EZH2,ADRB2
EZH2,ALDH1A1
EZH2,APC
EZH2,AXL
EZH2,BRCA1
EZH2,CCND1
EZH2,CCNE1
EZH2,CDH1
EZH2,CDKN1A
EZH2,CDKN1A
EZH2,CDKN2A
EZH2,CDKN2B
EZH2,CIITA
EZH2,CPEB1
EZH2,DACT3
EZH2,FBXO32
EZH2,FBXO32
EZH2,FOXC1
EZH2,HDAC1
EZH2,HOXB13
EZH2,IGFBP1
EZH2,KPNB1
EZH2,MMP2
EZH2,MST1
EZH2,MYC
EZH2,PAX8
EZH2,PCNA
EZH2,PEBP1
EZH2,PIP5K1C
EZH2,POLR3D
EZH2,PRL
EZH2,PTEN
EZH2,RPLP0
EZH2,RUNX3
EZH2,SATB1
EZH2,SFRP1
EZH2,SNAI2
EZH2,SSTR1
EZH2,TP53
EZH2,TP53
EZH2,TWIST1
EZH2,VDR
FLI1,CCK
FLI1,COL1A2
FLI1,CTGF
FLI1,EP300
FLI1,ERG
FLI1,EYA3
FLI1,FLI1
FLI1,FOXM1
FLI1,GATA1
FLI1,GP6
FLI1,GP9
FLI1,HDAC1
FLI1,HMOX1
FLI1,ID2
FLI1,IGFBP3
FLI1,IL10
FLI1,ITGA2B
FLI1,MMP1
FLI1,MPL
FLI1,PF4
FLI1,PHLDA1
FLI1,TERT
FLI1,TERT
FLI1,TGFBR2
FLI1,TGFBR2
FOS,ACTA1
FOS,BATF3
FOS,BCL2L1
FOS,CASP9
FOS,CCK
FOS,CCK
FOS,CCND1
FOS,CD40LG
FOS,CLU
FOS,CREM
FOS,CRP
FOS,CSTA
FOS,CXCL8
FOS,CYP1A2
FOS,DDIT3
FOS,ERCC4
FOS,EZR
FOS,FAS
FOS,FGFBP1
FOS,VEGFD
FOS,FMO4
FOS,FOS
FOS,FOXA1
FOS,GSTP1
FOS,HSPH1
FOS,IL1A
FOS,LRIG2
FOS,MELTF
FOS,MMP1
FOS,MMP1
FOS,MMP3
FOS,MMP7
FOS,MMP9
FOS,MMP9
FOS,MMP9
FOS,MYC
FOS,NEFL
FOS,NFKB1
FOS,NGF
FOS,NOS2
FOS,NOS2
FOS,NPPA
FOS,NPY
FOS,NQO1
FOS,NTF3
FOS,NTS
FOS,OXTR
FOS,PCK2
FOS,PDHA1
FOS,PGR
FOS,PLAU
FOS,PLAUR
FOS,PTGS2
FOS,PTGS2
FOS,SLC10A2
FOS,SMAD4
FOS,SMAD7
FOS,SOX7
FOS,SPI1
FOS,SPRR3
FOS,SRR
FOS,STAR
FOS,TP53
FOSL2,BCL6
FOSL2,BRCA1
FOSL2,CCR4
FOSL2,CLU
FOSL2,FOSL1
FOSL2,IBSP
FOSL2,IL5
FOSL2,IVL
FOSL2,MDM2
FOSL2,MYB
FOSL2,NOS2
FOSL2,PLAUR
FOSL2,TGFB1
FOSL2,TIMP1
FOSL2,UGT2B15
FOXC1,FGF19
FOXC1,FOXO1
FOXC2,ANGPT2
FOXF1,CDH1
FOXF1,GH2
FOXH1,AR
FOXH1,CTCF
FOXI1,CFTR
FOXI1,SLC26A4
FOXK2,IL2
FOXK2,SIN3A
FOXM1,APOE
FOXM1,AR
FOXM1,BRIP1
FOXM1,BTG2
FOXM1,CCNB1
FOXM1,CDC25A
FOXM1,CDC25B
FOXM1,CDC6
FOXM1,CDH1
FOXM1,CDKN2A
FOXM1,CYP3A4
FOXM1,FGB
FOXM1,KRT15
FOXM1,MYC
FOXM1,SFTPB
FOXM1,VEGFA
FOXM1,VEGFB
FOXN4,PANK2
FOXO4,BCL6
FOXO4,CREB1
FOXO4,HIF1A
FOXO4,PSMD11
FOXO4,SOD2
FOXO4,TNFSF10
FOXQ1,BCL11A
FOXQ1,CDH1
FOXQ1,RSPO2
FOXQ1,TWIST1
FOXQ1,VEGFA
FOXQ1,WNT3A
FUBP1,CDKN1A
FUBP1,MYC
FUBP3,FGF9
FUS,AR
FUS,DDIT3
FUS,KLK3
FUS,MDM2
GABPA,ERBB2
GABPA,OXTR
GABPA,RPS3A
GABPA,TOMM70
GABPA,ZNF205
GABPB1,OXTR
GABPB2,RPS3A
GATA2,ADH1A
GATA2,ANGPT2
GATA2,AR
GATA2,CYBB
GATA2,DPYSL2
GATA2,EPO
GATA2,ERVW-1
GATA2,FCER1A
GATA2,GATA1
GATA2,GATA1
GATA2,IL1RL1
GATA2,MS4A2
GATA2,NOS3
GATA2,PECAM1
GATA2,PPARG
GATA2,PRG2
GATA2,SPI1
GATA2,TSHB
GATA2,WT1
GATA3,ALDH1A2
GATA3,CD40LG
GATA3,CD8A
GATA3,CD8B
GATA3,CDH1
GATA3,CDH3
GATA3,CDX2
GATA3,CHST4
GATA3,CXCL1
GATA3,EPO
GATA3,EPOR
GATA3,ERG
GATA3,ERVW-1
GATA3,ESR1
GATA3,FOXC1
GATA3,FOXC2
GATA3,FUT7
GATA3,GATA3
GATA3,HSD17B1
GATA3,IFNG
GATA3,IL10
GATA3,IL12RB2
GATA3,IL4
GATA3,IL5
GATA3,IL5
GATA3,KLK1
GATA3,LOX
GATA3,MMP1
GATA3,MUC1
GATA3,NFKB1
GATA3,PAEP
GATA3,RELA
GATA3,SLCO4C1
GATA3,STAT4
GATA3,TCF7L2
GATA3,TEK
GATA3,TGFBR3
GATA3,ZEB1
GATA5,SLC5A1
GLI3,HLA-G
GLI3,SMO
GLI3,VMP1
GLIS3,INS
GRHL1,CYP11A1
GTF2A1,TBP
GTF2I,HSPA5
GTF2I,SIRT1
GTF3A,ADM
GTF3A,BAG3
GTF3A,FUS
GTF3A,RAD51B
GTF3A,STAT1
GZF1,HOXA10
HAND2,DBH
HAND2,GATA4
HAND2,NPPA
HAND2,PHOX2A
HAX1,ATP2A2
HCFC1,E2F1
HCFC1,E2F4
HCFC1,MMACHC
HDAC10,TXNIP
HDAC11,IL10
HDAC11,IL17A
HDAC11,MYC
HDAC11,TNF
HDAC11,TNFSF4
HDAC2,ALOX5
HDAC2,APAF1
HDAC2,BMP7
HDAC2,CAD
HDAC2,CCL2
HDAC2,CCNE1
HDAC2,CD1D
HDAC2,CDH1
HDAC2,CDKN1A
HDAC2,COL1A2
HDAC2,CXCL8
HDAC2,CXCL8
HDAC2,DEC1
HDAC2,DNMT1
HDAC2,GRM2
HDAC2,IGF1
HDAC2,KLF4
HDAC2,MUC5AC
HDAC2,MYC
HDAC2,MYCN
HDAC2,PHB
HDAC2,SNAI2
HDAC2,SP1
HDAC2,TGFBR2
HDAC2,TNFSF10
HDAC2,TP63
HDAC2,TWIST1
HDAC2,VEGFA
HDAC3,ALOX5
HDAC3,APOC3
HDAC3,CDH1
HDAC3,CDKN2A
HDAC3,CXCR4
HDAC3,EGFR
HDAC3,GAS2
HDAC3,GATA2
HDAC3,GCM1
HDAC3,GRHL1
HDAC3,GTF2I
HDAC3,IFNA1
HDAC3,JUN
HDAC3,LGALS9
HDAC3,LSS
HDAC3,MBD1
HDAC3,MMP2
HDAC3,MYC
HDAC3,PCK2
HDAC3,PRAM1
HDAC3,TLR9
HDAC3,TNF
HDAC3,ULBP1
HDAC3,VEGFA
HDAC4,ATF4
HDAC4,CA9
HDAC4,CDKN1A
HDAC4,CDKN2A
HDAC4,HDAC3
HDAC4,HOXB13
HDAC4,IL10
HDAC4,IL5
HDAC4,JUN
HDAC4,JUN
HDAC4,KLF4
HDAC4,MEF2A
HDAC4,MEF2A
HDAC4,MMP13
HDAC4,PTPA
HDAC4,PTGES
HDAC4,PTGS2
HDAC4,RECK
HDAC4,RUNX2
HDAC4,SLC2A4
HDAC4,SMAD4
HDAC4,TGIF1
HDAC4,TGIF2
HDAC4,VCAM1
HDAC4,VEGFA
HDAC4,WT1
HDAC5,FGF2
HDAC5,IGF2
HDAC5,MEF2A
HDAC5,MEF2A
HDAC5,SLC2A1
HDAC5,SLC2A4
HDAC5,SLC2A4
HDAC5,SLIT2
HDAC5,WT1
HDAC5,YY1
HDAC7,ACTN4
HDAC7,AKAP12
HDAC7,CDKN1A
HDAC7,CYP7A1
HDAC7,ESR1
HDAC7,HDC
HDAC7,HIF1A
HDAC7,HIF1A
HDAC7,MAML1
HDAC7,MEF2A
HDAC7,MEF2C
HDAC7,MEF2D
HDAC7,MMP10
HDAC7,NR4A1
HDGF,CDH1
HDGF,FAS
HDGF,SMYD1
HDGF,VEGFA
HDGF,VEGFB
HDGF,VIM
HES1,ASCL1
HES1,CD4
HES1,DBF4
HES1,E2F1
HES1,HTR1A
HES1,MAP2
HES1,PTEN
HES1,PTGDS
HES6,ASCL1
HES6,HTR1A
HEXIM1,CCND1
HEXIM1,VEGFA
HEY1,ACTA2
HEY1,BMP2
HEY1,GATA4
HEY1,GATA6
HEY1,KDR
HEY1,OCLN
HEY1,PROX1
HHEX,HNF4A
HHEX,SLC5A5
HHEX,TLE1
HINFP,MBD2
HIPK2,ABCB1
HIPK2,CDKN1A
HIPK2,CTBP2
HIPK2,HIF1A
HIPK2,MEF2C
HIPK2,NOX1
HIPK2,TP53
HIPK2,VEGFA
HIPK2,VIM
HIRA,PLB1
HIVEP2,HLA-A
HIVEP2,HLA-B
HIVEP2,HLA-C
HIVEP2,HLA-E
HIVEP2,HLA-F
HIVEP2,HLA-G
HLF,DBP
HLF,RUNX1
HLTF,HERC2
HLTF,OCA2
HMG20B,BRCA2
HMGN1,FOS
HMGN1,PCNA
HMGN1,TFF1
HNF1B,FXYD2
HNF1B,UMOD
HNRNPR,ASCL1
HOXA1,BCL2
HOXA1,CCND1
HOXA1,EPAS1
HOXA1,IER3
HOXA1,LYL1
HOXA1,MYC
HOXA1,PCNA
HOXA10,BHLHE22
HOXA10,CDKN1C
HOXA10,EMX2
HOXA10,EMX2
HOXA10,ID2
HOXA10,IGFBP1
HOXA10,IL11
HOXA10,IL15
HOXA10,ITGB3
HOXA10,KLF9
HOXA10,LYL1
HOXA10,MYCN
HOXA10,PHGDH
HOXA10,SNAI1
HOXA10,TP53
HOXA10,WT1
HOXA4,TH
HOXA5,ARHGEF1
HOXA5,PGR
HOXA5,PTN
HOXA5,TH
HOXA7,CDH1
HOXA7,IVL
HOXA7,KRT10
HOXA7,TERT
HOXA7,VIM
HOXA9,ARHGEF1
HOXA9,CDH3
HOXA9,ID2
HOXA9,MYCN
HOXA9,NFKB1
HOXA9,RELA
HOXA9,SELE
HOXA9,SHOX
HOXA9,VCAM1
HOXB1,TCF4
HOXB13,TCF4
HOXB7,CCND1
HOXB7,CDKN1B
HOXB7,DAPK1
HOXB7,EGFR
HOXB7,FGF2
HOXB7,MMP2
HOXB7,PDGFA
HOXB7,THBS2
HOXB7,VEGFA
HOXB7,WNT5A
HOXC10,HOXB8
HOXC8,TNFRSF11B
HOXD1,ITGB1
HOXD3,ITGA5
HOXD3,ITGAV
HOXD3,ITGB1
HOXD3,ITGB3
HOXD3,PLAU
HSF2,FOS
HSF2,HIF1A
HSF2,HSPA4
HSF2,HSPA4
HSF2,MAP2K4
HSF2,MAPK8
HSF2,TNFSF11
HSF2,TXN
HSF4,DNASE2B
HSF4,DNASE2B
HSF4,HIF1A
HSF4,RAD51
ID1,ZNF148
ID2,SNAI1
ID2,TERT
ID4,BRCA1
ID4,SOX2
IKBKB,CD44
IKBKB,CXCL8
IKBKB,MMP9
IKBKB,NOS2
IKBKB,TP53
IKBKB,VCAM1
ILF2,ACRV1
ILF2,IL2
ILF2,ILF3
ILF3,ACRV1
ILF3,BIRC5
ILF3,HLA-DQA1
ILF3,HLA-DRA
ILF3,HLA-DRA
ILF3,HLA-DRB1
ILF3,IL2
ILF3,PLAU
ING1,AFP
ING1,BAX
ING1,CASP3
ING1,CDKN1A
ING1,FAT1
ING1,PCNA
ING1,TP53
ING2,BCL2
ING2,MMP13
ING2,TMEM71
ING4,ANGPT1
ING4,ARL6IP5
ING4,BAX
ING4,BCL2
ING4,CASP3
ING4,CCND1
ING4,CDKN1A
ING4,CDKN1B
ING4,CDKN1B
ING4,CXCL8
ING4,NGF
ING4,NTRK1
ING4,PTGS2
ING4,SKP2
ING4,SPP1
ING4,TP53
IRF5,IFNA1
IRF5,PDLIM7
IRF5,TNF
IRF6,NR1H4
IRF9,CCND2
IRF9,CDKN1A
IRF9,CDKN1B
IRF9,IFIT3
IRF9,IL27
IRF9,NCAM1
IRF9,PML
IRF9,SP100
JARID2,MYH6
JARID2,MYL7
JARID2,NPPA
JDP2,ATF3
JDP2,ATF3
JDP2,DDIT3
JUNB,APOM
JUNB,CD82
JUNB,CDKN1A
JUNB,CDKN2A
JUNB,CLU
JUNB,EGFR
JUNB,IL1B
JUNB,IL3
JUNB,IL4
JUNB,IVL
JUNB,LOR
JUNB,NQO1
JUNB,PTGS2
JUNB,SFTPD
JUNB,SMAD4
JUND,BCL6
JUND,BCL6
JUND,CCL5
JUND,CCND1
JUND,CCR4
JUND,CD40LG
JUND,CDKN1A
JUND,CLU
JUND,CSTA
JUND,ERBB2
JUND,F3
JUND,FGFBP1
JUND,FOSL1
JUND,GADD45A
JUND,GAST
JUND,GCLC
JUND,IL3
JUND,IL5
JUND,IL6
JUND,ITGAV
JUND,ITGB3
JUND,IVL
JUND,MDM2
JUND,MDM2
JUND,MYB
JUND,MYB
JUND,MYB
JUND,NOS2
JUND,NQO1
JUND,NQO2
JUND,NTS
JUND,PLAT
JUND,PLAUR
JUND,PTGS2
JUND,SFTPD
JUND,SOX4
JUND,TGFB1
JUND,TIMP1
KAT2B,CDK2
KAT2B,CDKN1A
KAT2B,CDKN1B
KAT2B,CLOCK
KAT2B,CYP1B1
KAT2B,IRF7
KAT2B,LIN28A
KAT2B,NPAS2
KAT2B,RB1
KAT2B,SMAD4
KAT2B,TP73
KAT2B,YY1
KAT2B,ZEB1
KAT5,ERCC1
KAT5,GMPS
KAT5,HDC
KAT5,IL2
KAT5,STAT3
KCNIP3,GCM1
KCNIP3,SLC8A3
KCNIP3,TG
KDM2A,EREG
KDM2A,NANOG
KDM2A,SOX2
KDM4C,JAG1
KHDRBS1,AR
KHDRBS1,IGF2
KHDRBS1,LEP
KHSRP,RPL3
KLF11,COL1A2
KLF11,INS
KLF11,INS
KLF11,PDX1
KLF12,PRL
KLF12,TFAP2A
KLF13,CCL5
KLF13,LDLR
KLF15,CLCNKA
KLF15,LRP5
KLF15,RBP3
KLF15,RHO
KLF15,RHO
KLF16,CDKN1A
KLF2,CCR5
KLF2,CCR7
KLF2,CDKN1A
KLF2,CXCR4
KLF2,FABP5
KLF2,IL2
KLF2,NOS3
KLF2,PPARG
KLF2,SELL
KLF2,THBD
KLF2,WEE1
KLF4,ALPI
KLF4,ATF3
KLF4,BDKRB2
KLF4,BIRC5
KLF4,CCNB1
KLF4,CCND1
KLF4,CCND1
KLF4,CD14
KLF4,CDH1
KLF4,CDH5
KLF4,CDKN1A
KLF4,CDKN1A
KLF4,CDKN1B
KLF4,CDKN1C
KLF4,CDX2
KLF4,CYP1A1
KLF4,GDF15
KLF4,GDF15
KLF4,GPA33
KLF4,HBA1
KLF4,HBA2
KLF4,HDC
KLF4,HSPA8
KLF4,IFITM3
KLF4,IL1B
KLF4,IL6
KLF4,IVL
KLF4,KRT19
KLF4,LAMA1
KLF4,LAMA3
KLF4,LXN
KLF4,MMP2
KLF4,NANOG
KLF4,ODC1
KLF4,PFKP
KLF4,RARA
KLF4,SOD1
KLF4,TAGLN
KLF4,THBD
KLF4,TP53
KLF4,TP53
KLF4,TP53
KLF4,VDR
KLF4,VEGFA
KLF4,ZNF750
KLF7,SLC13A4
KLF8,CDH1
KLF8,CDH2
KLF8,EPSTI1
KLF8,FN1
KLF8,MMP14
KLF8,MMP9
KLF8,SLC22A3
KLF8,VIM
KLF9,PDCD5
KLF9,PGR
KLF9,PMAIP1
LCOR,CDH1
LCOR,CDKN1A
LDB1,BMP7
LDB1,TCF3
LHX4,POU1F1
LIMD1,HIF1A
LMO2,ANGPT2
LMO2,CDH1
LMO2,ELK1
LMO2,ERG
LMO2,FGF2
LMO2,GYPA
LMO2,LEF1
LMO2,LYL1
LMO2,NFATC1
LMO2,ZEB1
LMO3,ASCL1
LMO3,ASCL1
LMO3,HES1
LMX1B,CD2AP
LMX1B,COL4A1
LMX1B,COL4A4
LMX1B,NLRP2
LMX1B,NPHS2
LMX1B,TCF3
LRRFIP1,EGFR
LRRFIP1,TNF
LYL1,ANGPT2
LYL1,ERG
LYL1,NFKB1
LYL1,STMN1
MAF,CCND2
MAF,GCLC
MAF,IL4
MAF,IL4
MAF,IL5
MAF,ITGB7
MAF,MMP13
MAFA,INS
MAFA,PC
MAFB,CCND2
MAFK,NQO1
MAL,MMP9
MAL,MYL9
MAML1,EGR1
MAML1,HEY1
MAML1,TNFRSF12A
MAZ,CD4
MAZ,CLCNKA
MAZ,HRAS
MAZ,HTR1A
MAZ,MMP1
MAZ,MMP14
MAZ,MMP9
MAZ,TSG101
MBD1,ABCB1
MBD1,ALOX5
MBD1,IGF2
MBD1,IRF8
MBD1,MGMT
MBD1,SETDB1
MBD1,SETDB1
MECP2,ABCB1
MECP2,ALOX5
MECP2,CCND1
MECP2,CDKL5
MECP2,DLX5
MECP2,ESR1
MECP2,ESR1
MECP2,GAD1
MECP2,IGFBP3
MECP2,MGMT
MECP2,RELN
MECP2,TFF1
MED1,AR
MED1,AURKA
MED1,SULT2A1
MED1,UBE2C
MED1,VDR
MED23,KISS1
MED23,TXNIP
MEF2A,COX6A1
MEF2A,JUN
MEF2A,JUN
MEF2A,MAPK14
MEF2A,MAPK7
MEF2A,MEF2A
MEF2A,MMP10
MEF2A,NRF1
MEF2A,PPARGC1A
MEF2A,SLC2A4
MEF2A,SLC2A4
MEF2A,SOST
MEF2A,TNNI3
MEF2B,BCL6
MEF2C,CDKL5
MEF2C,CPT1B
MEF2C,JUN
MEF2C,JUN
MEF2C,JUN
MEF2C,MAPK7
MEF2C,MECP2
MEF2C,NR4A1
MEF2C,SOST
MEF2C,VEGFA
MEF2D,ATF3
MEF2D,ATM
MEF2D,CD14
MEF2D,HDAC7
MEF2D,JUN
MEF2D,SOST
MEIS2,IL17RB
MEN1,BRCA1
MEN1,CASP8
MEN1,CDKN1B
MEN1,CDKN2C
MEN1,GAST
MEN1,GATA3
MEN1,JUND
MEN1,PRL
MEN1,RAD51
MEN1,RAD51AP1
MEN1,TERT
MITF,ACP5
MITF,BCL2A1
MITF,BEST1
MITF,BEST1
MITF,BIRC7
MITF,CDK2
MITF,CTSK
MITF,DCT
MITF,FOS
MITF,GPNMB
MITF,HERC2
MITF,HIF1A
MITF,HOXB4
MITF,KCNMA1
MITF,KIT
MITF,MC1R
MITF,MET
MITF,MLANA
MITF,OCA2
MITF,PMEL
MITF,PPARGC1A
MITF,PRKCB
MITF,SERPINF1
MITF,TRPM1
MITF,TRPM1
MITF,TYR
MITF,TYR
MITF,TYRP1
MITF,TYRP1
MLLT10,BAX
MLLT10,CDKN1A
MLLT10,MDM2
MLLT3,BAX
MLLT3,CDKN1A
MLLT3,MDM2
MLLT3,SCNN1A
MLX,ODC1
MSX1,CGA
MSX1,DKK1
MSX1,DLK1
MSX1,HEY1
MSX1,NOTCH3
MSX1,ZHX2
MTA1,ALOX15
MTA1,ARNTL
MTA1,BCAS3
MTA1,BCL2L1
MTA1,BRCA1
MTA1,CDH1
MTA1,CDKN2A
MTA1,EGFR
MTA1,EPHA2
MTA1,ESR1
MTA1,ESR1
MTA1,HDAC1
MTA1,ITGB3BP
MTA1,MMP9
MTA1,MNAT1
MTA1,MTA3
MTA1,MYC
MTA1,NOS2
MTA1,PTEN
MTA1,RNF144A
MTA1,SMAD7
MTA1,SNAI1
MTA1,SNAI2
MTA1,SUMO2
MTA1,TFF1
MTA2,CDH1
MTA2,FSHR
MTF1,ACO1
MTF1,GCLC
MTF1,MCAT
MTF1,PGF
MTF1,PRNP
MTF1,SNCB
MTF1,SOD1
MXD4,ODC1
MZF1,PADI1
MXI1,MYC
MXI1,MYCN
MYOG,ACACB
MYOG,MYEF2
MZF1,BLMH
MZF1,CD34
MZF1,CDH2
MZF1,MMP2
MZF1,PIK3R3
MZF1,TERT
NAB1,MSLN
NAB2,BCAR1
NAB2,RBL2
NCOA1,CDKN1A
NCOA1,EPO
NCOA2,AR
NCOA3,BCL2
NCOA3,BRCA1
NCOA3,EPO
NCOA3,ERBB2
NCOA3,MMP10
NCOA3,MMP7
NCOA3,PLAC1
NCOA4,AR
NCOA4,AR
NCOA4,KLK3
NCOA4,TFF1
NCOA6,CYP2C9
NCOA6,CYP3A4
NCOA6,FOS
NCOA6,HSF1
NCOR1,AR
NCOR1,AR
NCOR1,ESR1
NCOR1,G0S2
NCOR1,IGF1
NCOR1,IGFBP3
NCOR1,PPARG
NCOR1,SNAI2
NEAT1,CXCL8
NELFB,TFF1
NELFB,TFF1
NELFCD,CCND1
NELFCD,CDKN1A
NELFCD,CTNNB1
NFATC1,CD3G
NFATC1,CD3G
NFATC1,CYP2E1
NFATC1,EGR3
NFATC1,ICAM1
NFATC1,IFNG
NFATC1,IL2
NFATC1,SP1
NFATC3,CTSD
NFATC3,TFF1
NFE2,GCLC
NFE2,GSS
NFE2,HBE1
NFE2,TBXA2R
NFE2L1,CDK11B
NFE2L1,NQO1
NFIA,CDKN1A
NFIA,PCK2
NFIB,CDKN1A
NFIB,MBP
NFIB,WFDC2
NFIC,FHL5
NFIC,ALAS1
NFIC,C4BPB
NFIC,CCL2
NFIC,COL18A1
NFIC,COL1A1
NFIC,CYP17A1
NFIC,CYP17A1
NFIC,CYP1A1
NFIC,FABP7
NFIC,GFAP
NFIC,GTF3C1
NFIC,GTF3C2
NFIC,HGF
NFIC,HMGB1
NFIC,HSD11B2
NFIC,IRS2
NFIC,ITGA5
NFIC,JUN
NFIC,MATN1
NFIC,POLD2
NFIC,POLE2
NFIC,SLC34A2
NFIC,SMUG1
NFIC,TFPI2
NFIC,VWF
NFKBIB,IFNB1
NFRKB,JUN
NFYA,ABCB1
NFYA,CBS
NFYA,CCND2
NFYA,CDKN1B
NFYA,CYP2A6
NFYA,DDIT3
NFYA,FAS
NFYA,FXR2
NFYA,GADD45A
NFYA,GADD45A
NFYA,GFI1B
NFYA,HBB
NFYA,HOXB4
NFYA,HOXB7
NFYA,HSPA5
NFYA,LPIN1
NFYA,OGG1
NFYA,OGG1
NFYA,SOX18
NFYA,SOX3
NFYA,SP3
NFYA,STK11
NFYB,ABCB1
NFYB,CCND2
NFYB,CDKN1B
NFYB,FAS
NFYB,FOS
NFYB,FXR2
NFYB,GFI1B
NFYB,HBB
NFYB,HOXB7
NFYB,LPIN1
NFYB,SOX18
NFYB,SOX3
NFYB,STK11
NFYB,TPH1
NFYC,ABCB1
NFYC,CCND2
NFYC,CDKN1B
NFYC,FAS
NFYC,FDPS
NFYC,FOS
NFYC,FXR2
NFYC,GFI1B
NFYC,HBB
NFYC,HOXB7
NFYC,LPIN1
NFYC,SOX18
NFYC,SOX3
NKX2-1,LMO3
NKX2-1,RET
NKX2-1,SFTPA1
NKX2-1,SFTPB
NKX2-1,SFTPB
NKX2-1,SP1
NKX2-1,STK11
NKX3-1,ACTG2
NKX3-1,AR
NKX3-1,CCND1
NKX3-1,ESR1
NKX3-1,FOS
NKX3-1,IGF1R
NKX3-1,KLK3
NKX3-1,SIX6
NKX3-1,TMPRSS2
NKX3-1,VEGFA
NONO,MIA
NPAS3,VGF
NR1H2,ABCA1
NR1H2,ABCG1
NR1H2,ABCG4
NR1H3,ABCA1
NR1H3,ABCA1
NR1H3,ABCG1
NR1H3,ABCG4
NR1H3,BHLHE40
NR1H3,CETP
NR2C2,LHCGR
NR2C2,OXT
NR2E3,ESR1
NR2E3,RHO
NR2F1,APOA2
NR2F1,APOB
NR2F1,APOC3
NR2F1,CYP17A1
NR2F1,CYP19A1
NR2F1,DR1
NR2F1,LHCGR
NR2F1,MTTP
NR2F1,SERPINC1
NR2F2,E2F1
NR2F2,HEY1
NR2F2,HEY2
NR2F2,NTS
NR2F2,POU5F1
NR2F2,PPARA
NR2F2,TFAP2A
NR2F6,APOA2
NR2F6,APOB
NR2F6,APOC3
NR2F6,CYP19A1
NR2F6,LHCGR
NR3C1,ATF2
NR3C1,ATP1B1
NR3C1,ATP1B1
NR3C1,BAD
NR3C1,BAX
NR3C1,BGLAP
NR3C1,BRCA1
NR3C1,CALD1
NR3C1,CCND1
NR3C1,CCND3
NR3C1,CDK4
NR3C1,CDK6
NR3C1,CDKN1A
NR3C1,CSF1R
NR3C1,CYP19A1
NR3C1,ELK1
NR3C1,ETS1
NR3C1,HRH1
NR3C1,HSD11B2
NR3C1,MAOA
NR3C1,MUC4
NR3C1,NFKB1
NR3C1,NR1I2
NR3C1,NR3C1
NR3C1,PNRC1
NR3C1,PPIG
NR3C1,RLN1
NR3C1,RLN2
NR3C1,RPS6KA3
NR3C1,S100P
NR3C1,SCNN1A
NR3C1,SLC10A2
NR3C1,SPP1
NR3C1,SRF
NR3C1,STAT1
NR3C1,TAT
NR3C1,TP53
NR3C1,UGT1A1
NR3C1,UGT1A1
NR3C2,ATP1B1
NR3C2,ATP1B1
NR3C2,CABIN1
NR3C2,CCR5
NR3C2,CCR6
NR3C2,CD40
NR3C2,EGFR
NR3C2,LCN2
NRF1,CAPNS1
NRF1,COX6A1
NRF1,CXCR4
NRF1,FMR1
NRF1,FMR1
NRF1,FXR2
NRF1,GALNT3
NRF1,IDE
NRF1,NQO1
NRF1,PRDX3
NRF1,PRDX5
NRF1,SDHB
NRF1,SLC46A1
NRF1,SNRPN
NRF1,SPAST
NRF1,TOMM34
NRIP1,SLC7A1
NRL,NR2E3
NRL,PDE6B
NRL,RBP3
NRL,RHO
NRL,RHO
OLIG2,LGR5
ONECUT2,MITF
ONECUT2,SYTL4
PA2G4,AGR2
PA2G4,AR
PA2G4,E2F1
PA2G4,E2F1
PA2G4,KLK3
PARP1,BCL2
PARP1,BRCA2
PARP1,CDH1
PARP1,CDH1
PARP1,CDKN1A
PARP1,CXCL1
PARP1,E2F1
PARP1,FBN1
PARP1,FN1
PARP1,FOXO1
PARP1,HFE
PARP1,HTR1A
PARP1,IFNAR1
PARP1,IFNG
PARP1,IL10
PARP1,JUN
PARP1,NFKB1
PARP1,RELA
PARP1,SERPINE1
PARP1,SERPINF1
PARP1,SH3BP2
PARP1,SMARCB1
PARP1,SNAI1
PARP1,THBD
PARP1,THBD
PARP1,VIM
PAWR,BCL2
PAWR,NOV
PAX2,ADAM10
PAX2,ERBB2
PAX2,L1CAM
PAX2,NCAM1
PAX2,TP53
PAX2,WT1
PBX1,HOXB1
PBX1,NANOG
PBX1,PF4
PBX1,SOX3
PBX1,VCP
PBX2,EMX2
PBX2,FMO3
PBX2,MEIS1
PBX2,PF4
PBX2,UGT2B17
PBX2,VCP
PCBD1,FXYD2
PCGF2,HOXA7
PCGF2,HOXA7
PCGF2,ZEB1
PCGF2,ZEB2
PER1,BAX
PER1,BCL2
PER1,SLC5A1
PHF10,CASP3
PHF8,CDC20
PIAS1,CYP17A1
PIAS1,FABP2
PIAS1,MUC1
PIAS1,PRMT1
PIAS1,SI
PIAS1,STAT1
PIAS2,AR
PIAS2,LRRN3
PIAS2,MUC1
PIAS2,MYCN
PIAS4,MUC1
PIAS4,VDR
PIR,NFKB1
PLAG1,ABCC6
PLAG1,CRLF1
PLAG1,IGF2
PLAG1,IGF2
PLAG1,XRCC1
PLAGL1,ABCC6
PLAGL1,SDHB
PLAGL2,IGF2
PLAGL2,METAP2
PLAGL2,NCF2
PLAGL2,SFTPC
POLR1A,E2F1
POU5F1,BMP4
POU5F1,CDKN1A
POU5F1,CDX2
POU5F1,DDC
POU5F1,DKK1
POU5F1,DLX5
POU5F1,EOMES
POU5F1,FGF4
POU5F1,GADD45A
POU5F1,GATA6
POU5F1,HLX
POU5F1,ID2
POU5F1,ITGA6
POU5F1,L1TD1
POU5F1,LEFTY1
POU5F1,NANOG
POU5F1,NANOG
POU5F1,SEMA6A
POU5F1,SOX2
POU5F1,SPP1
POU5F1,TBX18
POU5F1,TDGF1
POU5F1,THY1
POU5F1,ZFP42
PPARA,ACADL
PPARA,ACOX1
PPARA,ACSL1
PPARA,ANGPTL4
PPARA,APOA4
PPARA,APOA5
PPARA,APOB
PPARA,APOB
PPARA,APOBR
PPARA,APOC3
PPARA,APOC3
PPARA,CD36
PPARA,CETP
PPARA,CGB5
PPARA,CPT1A
PPARA,CYP1A1
PPARA,CYP2C9
PPARA,FABP4
PPARA,G0S2
PPARA,HMOX1
PPARA,IGFBP1
PPARA,IL6
PPARA,IL6R
PPARA,LPL
PPARA,MLYCD
PPARA,MMP9
PPARA,NFKBIA
PPARA,NFKBIA
PPARA,PDK4
PPARA,PLIN2
PPARA,PTGS2
PPARA,SERPINE1
PPARA,SERPINE1
PPARA,SLC25A20
PPARA,SLC9A1
PPARA,SOD2
PPARA,SREBF2
PPARA,STAT5A
PPARA,SULT2A1
PPARA,TUBA1B
PPARA,TXNIP
PPARA,UCP1
PPARA,UGT1A9
PPARD,ANG
PPARD,ANGPTL4
PPARD,CAT
PPARD,HSD11B2
PPARD,LPL
PPARD,PDK4
PPARD,SAT1
PPARD,SOD1
PPARD,TIMP1
PPARD,TXN
PPARG,ABCG2
PPARG,ACAT1
PPARG,ADIPOQ
PPARG,ADIPOQ
PPARG,AGER
PPARG,ANGPTL4
PPARG,ANGPTL4
PPARG,APOB
PPARG,APOBR
PPARG,ATP2A2
PPARG,BAD
PPARG,BCL2
PPARG,BCL2
PPARG,BCL2L1
PPARG,BRS3
PPARG,CAT
PPARG,CAV1
PPARG,CCND1
PPARG,CCNE1
PPARG,CD36
PPARG,CD36
PPARG,CD83
PPARG,CDKN1A
PPARG,CEBPA
PPARG,CFLAR
PPARG,CIITA
PPARG,CIITA
PPARG,CLDN2
PPARG,CPT1B
PPARG,CSF1
PPARG,DBI
PPARG,EGFR
PPARG,ERO1A
PPARG,ERP44
PPARG,ERP44
PPARG,FABP4
PPARG,FABP4
PPARG,FASLG
PPARG,FGF1
PPARG,GDF15
PPARG,GK
PPARG,HMOX1
PPARG,ICAM1
PPARG,JAG1
PPARG,KLF4
PPARG,LIPE
PPARG,MMP1
PPARG,MMP9
PPARG,MYC
PPARG,NOTCH4
PPARG,NR1H3
PPARG,PDK2
PPARG,PLIN2
PPARG,PLIN2
PPARG,POU2F1
PPARG,PTEN
PPARG,PTGS2
PPARG,PTGS2
PPARG,PTGS2
PPARG,RARB
PPARG,REN
PPARG,REN
PPARG,RETN
PPARG,RETN
PPARG,SAT1
PPARG,SAT1
PPARG,SERPINE1
PPARG,SLC2A4
PPARG,SLC5A5
PPARG,SLC9A1
PPARG,SOCS7
PPARG,TG
PPARG,TNFRSF11B
PPARG,TP53
PPARG,TSHR
PPARG,TXNIP
PPARG,UGT1A9
PPARG,VLDLR
PPARGC1A,ALDOB
PPARGC1A,APOA5
PPARGC1A,APOC3
PPARGC1A,CYP2C9
PPARGC1A,CYP7A1
PPARGC1A,MFN2
PPARGC1A,MLYCD
PPARGC1A,OTC
PPARGC1A,PCK2
PRDM2,KMT5A
PREB,CCL2
PREB,PRL
PURA,AR
PURA,ERBB2
PURA,FAS
PURA,PCNA
RARB,ADH5
RARB,RARB
RARB,THBD
RB1,ATF2
RB1,BIRC5
RB1,BRCA1
RB1,CDH1
RB1,CDK1
RB1,CDKN1A
RB1,CDKN1A
RB1,DDIT3
RB1,DHFR
RB1,DNMT3A
RB1,E2F1
RB1,E2F1
RB1,E2F2
RB1,E2F3
RB1,EBNA1BP2
RB1,ELF1
RB1,FGFR1
RB1,FOS
RB1,FOS
RB1,HBP1
RB1,IGF1
RB1,MAP3K5
RB1,MYC
RB1,MYC
RB1,PCNA
RB1,PPARG
RB1,RB1
RB1,RBL1
RB1,SFTPD
RB1,SP1
RB1,TFDP1
RB1,TGFBI
RB1,TP53BP2
RB1,VEGFA
RB1,WRN
RB1CC1,CDKN2A
RB1CC1,RB1
RB1CC1,RB1
RBBP7,CDH1
RBL1,BRCA1
RBL1,CCNA2
RBL1,HIST1H2AE
RBL1,MYC
RBL1,TFDP1
RBL2,BRCA1
RBL2,DNMT3B
RBL2,E2F4
RBL2,RAD51
REST,AR
REST,AVP
REST,BDNF
REST,CACNA1H
REST,CARTPT
REST,CD59
REST,CHGA
REST,CHGB
REST,DGCR5
REST,DYRK1A
REST,GABRB3
REST,GJD2
REST,GLRA1
REST,GRIN1
REST,GRIN1
REST,KCNN4
REST,KCNQ2
REST,KCNQ3
REST,LIN28A
REST,NRP1
REST,OPRM1
REST,PCSK1
REST,PENK
REST,SCG3
REST,STAT1
REST,SYN1
REST,TAC1
REST,TAC3
REST,TH
REST,TH
REST,TPH2
REST,TUBB3
REST,TUBB3
REST,VGF
REST,VIP
RFWD2,MMP1
RFWD2,PLAU
RFX3,FGF1
RFX3,IL5RA
RFX3,MAP1A
RFXAP,HLA-DMA
RFXAP,HLA-DMB
RFXAP,HLA-DOA
RFXAP,HLA-DOB
RFXAP,HLA-DPA1
RFXAP,HLA-DPB1
RFXAP,HLA-DQA1
RFXAP,HLA-DQA2
RFXAP,HLA-DQB1
RFXAP,HLA-DQB2
RFXAP,HLA-DRA
RFXAP,HLA-DRB1
RFXAP,HLA-DRB5
RNF14,CCND1
RORC,IL17A
RORC,IL22
RXRA,ABCA1
RXRA,ABCB11
RXRA,ABCC3
RXRA,CGB5
RXRA,CPT1B
RXRA,CXCR5
RXRA,CYP3A4
RXRA,CYP7A1
RXRA,GNRH2
RXRA,HNF1A
RXRA,HNF4A
RXRA,HSD17B2
RXRA,HSD17B2
RXRA,IL2RA
RXRA,IL2RB
RXRA,IL2RG
RXRA,NOL7
RXRA,PLD1
RXRA,SERPINC1
RXRA,THBD
RXRA,TLR10
SALL3,DNMT3A
SALL3,HDAC9
SALL4,ABCA3
SALL4,CDH1
SALL4,HOXA9
SALL4,POU5F1
SALL4,PTEN
SALL4,SALL4
SALL4,ZEB1
SATB1,BCL2
SATB1,BCL2
SATB1,CD8B
SATB1,CDK4
SATB1,CR2
SATB1,CYBB
SATB1,GATA3
SATB1,HBE1
SATB1,HDAC1
SATB1,IL2
SATB1,IL2RA
SATB1,IL4
SATB1,IL5
SATB1,MKI67
SATB1,SPARC
SATB1,SPI1
SCAND1,ZNF202
SCD5,EGR2
SERTAD1,SET
SFPQ,ADARB2
SFPQ,CXCL8
SFPQ,NEAT1
SFPQ,STAT6
SFPQ,TH
SIN3A,E2F1
SIN3A,KLK3
SIRT1,ABCB1
SIRT1,ACAN
SIRT1,ADAMTS5
SIRT1,BCL11A
SIRT1,CCAR2
SIRT1,CCND1
SIRT1,CDH1
SIRT1,CDKN1A
SIRT1,CFH
SIRT1,CFLAR
SIRT1,COL10A1
SIRT1,COL1A2
SIRT1,CTNNB1
SIRT1,DLL4
SIRT1,EGLN1
SIRT1,ESRRG
SIRT1,EZH2
SIRT1,FOXO3
SIRT1,FOXP3
SIRT1,HBE1
SIRT1,HIC1
SIRT1,HIF1A
SIRT1,HSF1
SIRT1,HSF1
SIRT1,HSPA4
SIRT1,HYOU1
SIRT1,ICAM1
SIRT1,IL1B
SIRT1,LIN28A
SIRT1,MCL1
SIRT1,MMP9
SIRT1,MYC
SIRT1,NBN
SIRT1,NDRG1
SIRT1,NOTCH1
SIRT1,NQO1
SIRT1,PAX6
SIRT1,PER1
SIRT1,PPARG
SIRT1,SELE
SIRT1,SHC1
SIRT1,TBX3
SIRT1,TERT
SIRT1,TNF
SIRT1,TNFRSF10B
SIRT1,TP53
SIRT1,TP53
SIRT1,TP73
SIRT1,WRN
SIRT1,XPC
SIRT2,AFP
SIRT2,CDKN1A
SIRT2,NEDD4
SIRT3,FOXO3
SKIL,ADAM12
SKIL,SMAD7
SLC2A4RG,SLC2A4
SMAD1,CXCL2
SMAD1,IBSP
SMAD1,TNFRSF11B
SMAD2,AHR
SMAD2,BCL2
SMAD2,CDKN1A
SMAD2,GLI1
SMAD2,NKX2-1
SMAD7,CDK1
SMAD7,CDKN1A
SMAD7,CDKN2B
SMAD7,HMOX1
SMAD7,KRT14
SMAD7,MET
SMAD7,MYC
SMAD7,TGFB1
SMAD7,TGFBR1
SMARCA1,CD44
SMARCA1,CDKN2A
SMURF2,KLF5
SOX11,SPAST
SOX11,TUBB3
SOX4,AGO1
SOX4,AXIN2
SOX4,DHX9
SOX4,DICER1
SOX4,HDAC8
SOX4,KMT2A
SOX4,NCAM1
SOX4,NKX3-1
SOX6,CCNA2
SOX6,CCND1
SOX6,CDK4
SOX6,CDKN1A
SOX6,CTNNB1
SOX6,TP53
SP1,ABCA1
SP1,ABCA1
SP1,ABCB1
SP1,ABCB1
SP1,ABCB8
SP1,ABCC1
SP1,ABCC3
SP1,ABCC3
SP1,ABCG2
SP1,ACAN
SP1,ACO1
SP1,ACVRL1
SP1,ADA
SP1,ADAM10
SP1,ADAM17
SP1,ADAM17
SP1,ADAM23
SP1,ADH6
SP1,ADIPOQ
SP1,ADRA1A
SP1,ADRA2B
SP1,ADRB3
SP1,GRK2
SP1,AGT
SP1,AGTR1
SP1,AGTR1
SP1,AGTR1
SP1,AHR
SP1,ALOX12
SP1,ALOX12
SP1,ALOX15B
SP1,ALOX5
SP1,ALOX5
SP1,AMACR
SP1,APAF1
SP1,APEX1
SP1,APEX1
SP1,APLNR
SP1,APOA1
SP1,APOC3
SP1,APOE
SP1,APP
SP1,APP
SP1,AR
SP1,AR
SP1,AREG
SP1,ARF6
SP1,ASPN
SP1,ATF2
SP1,ATM
SP1,ATP2A2
SP1,ATP2A2
SP1,ATP2A3
SP1,ATP2C1
SP1,B4GALT1
SP1,B4GALT5
SP1,BACE1
SP1,BACE1
SP1,BACE2
SP1,BAG2
SP1,BAX
SP1,BCL2
SP1,BDKRB1
SP1,BIRC5
SP1,BLMH
SP1,BRCA1
SP1,BRD7
SP1,BRD7
SP1,BSG
SP1,BTK
SP1,C1QBP
SP1,C4A
SP1,C4B
SP1,CA9
SP1,CA9
SP1,CASP3
SP1,CAT
SP1,CAV1
SP1,CBFB
SP1,CBS
SP1,CCK
SP1,CCL2
SP1,CCL2
SP1,CCL5
SP1,CCNA2
SP1,CCND1
SP1,CCND1
SP1,CCND2
SP1,CCND2
SP1,PROM1
SP1,CD14
SP1,CD14
SP1,CD151
SP1,CD163
SP1,CD1D
SP1,CD28
SP1,CD2AP
SP1,CD44
SP1,CD83
SP1,ADGRE5
SP1,CD99
SP1,CDC42BPG
SP1,CDH2
SP1,CDH3
SP1,CDK4
SP1,CDK6
SP1,CDKN1A
SP1,CDKN1A
SP1,CDKN1A
SP1,CDKN1B
SP1,CDKN1B
SP1,CDKN2A
SP1,CDKN2A
SP1,CDKN2B
SP1,CENPH
SP1,CENPW
SP1,CERS2
SP1,CES1
SP1,CETP
SP1,CETP
SP1,CFTR
SP1,CHGA
SP1,CHI3L1
SP1,CHRNB4
SP1,CHST4
SP1,CIC
SP1,CLDN3
SP1,COL11A2
SP1,COL18A1
SP1,COL1A1
SP1,COL2A1
SP1,COL2A1
SP1,COL7A1
SP1,COMP
SP1,CREB1
SP1,CREM
SP1,CRMP1
SP1,CSNK2A1
SP1,CTGF
SP1,CTSB
SP1,CTSL
SP1,CXADR
SP1,CXCL1
SP1,CXCL14
SP1,CXCL5
SP1,CYP17A1
SP1,CYP19A1
SP1,CYP1B1
SP1,CYP27A1
SP1,CYP2F1
SP1,CYP3A4
SP1,CYP3A5
SP1,CYP3A7
SP1,CYP7A1
SP1,CYP7B1
SP1,DBF4
SP1,DCK
SP1,DDB1
SP1,DDB2
SP1,DHCR24
SP1,DMRT1
SP1,DNASE2
SP1,DNMT1
SP1,DNMT1
SP1,DNMT1
SP1,DNMT3A
SP1,DNMT3B
SP1,DPYSL2
SP1,DRG2
SP1,E2F1
SP1,EAPP
SP1,EDNRB
SP1,EDNRB
SP1,EGF
SP1,EGFR
SP1,EGFR
SP1,EGR1
SP1,EGR1
SP1,ELF4
SP1,ELMO3
SP1,ENG
SP1,EPO
SP1,EPOR
SP1,EPOR
SP1,ERBB2
SP1,ERVW-1
SP1,ESR1
SP1,EZR
SP1,F10
SP1,F2R
SP1,F3
SP1,F7
SP1,FABP6
SP1,FAS
SP1,FAS
SP1,FASLG
SP1,FASLG
SP1,FBLN1
SP1,FBN1
SP1,FBP1
SP1,FES
SP1,FGFBP1
SP1,FGFR1
SP1,FGFR3
SP1,FGL2
SP1,FMR1
SP1,FMR1
SP1,FOLR1
SP1,FOS
SP1,FOXM1
SP1,FPGS
SP1,FUT4
SP1,FXR2
SP1,GAST
SP1,GAST
SP1,GATA3
SP1,GCLC
SP1,GDA
SP1,GDF5
SP1,GFER
SP1,GH2
SP1,GIPR
SP1,GJA1
SP1,GM2A
SP1,GPR39
SP1,GRIN1
SP1,GSPT1
SP1,GSTP1
SP1,HAS2
SP1,HBEGF
SP1,HBZ
SP1,HCN2
SP1,HCN4
SP1,HDAC4
SP1,HGF
SP1,HIST2H4A
SP1,HLA-G
SP1,HMGA1
SP1,HMGA1
SP1,HMGA2
SP1,HNF4A
SP1,HOXB7
SP1,HPR
SP1,HRAS
SP1,HRAS
SP1,HSD11B2
SP1,HSD17B1
SP1,HSD17B11
SP1,HSD17B2
SP1,HSD17B2
SP1,HSD3B1
SP1,HTR1A
SP1,HTT
SP1,HYAL1
SP1,ICAM1
SP1,ID4
SP1,IFNGR1
SP1,IGF1R
SP1,IGF2
SP1,IGF2
SP1,IGFBP1
SP1,IGFBP3
SP1,IGFBP4
SP1,IL10
SP1,IL10
SP1,IL2
SP1,IL2RB
SP1,IL3
SP1,IL6
SP1,IMPDH2
SP1,INPP5J
SP1,INSR
SP1,INSR
SP1,IRF5
SP1,IRS2
SP1,IRS2
SP1,ISG20
SP1,ITGA2
SP1,ITGA5
SP1,ITGAD
SP1,ITGAV
SP1,ITGAV
SP1,ITGAX
SP1,ITGB2
SP1,ITGB3
SP1,IVL
SP1,KCNH2
SP1,KCNQ2
SP1,KCNQ3
SP1,KCTD11
SP1,KDR
SP1,KIF2C
SP1,KISS1
SP1,KISS1
SP1,KIT
SP1,KLF8
SP1,KLK3
SP1,KRT14
SP1,KRT16
SP1,KRT18
SP1,KRT19
SP1,KRT5
SP1,LAMA1
SP1,LCAT
SP1,LDHA
SP1,LDHC
SP1,LDLR
SP1,LEP
SP1,LMO4
SP1,LOR
SP1,LOXL4
SP1,LPL
SP1,LRP5
SP1,LSP1
SP1,LTBP4
SP1,LTF
SP1,LYZ
SP1,MACROD1
SP1,MAOB
SP1,MAT2A
SP1,MAT2A
SP1,MAT2B
SP1,MCTS1
SP1,MDM2
SP1,MDM2
SP1,ME1
SP1,MET
SP1,MET
SP1,MGMT
SP1,MICA
SP1,MICB
SP1,MICB
SP1,MIF
SP1,MME
SP1,MMP11
SP1,MMP14
SP1,MMP14
SP1,MMP2
SP1,MMP2
SP1,MMP28
SP1,MMP9
SP1,MMP9
SP1,MMRN1
SP1,MNDA
SP1,MPG
SP1,MPO
SP1,MPO
SP1,MTA1
SP1,MUC2
SP1,MUC2
SP1,MUC4
SP1,MUC5AC
SP1,MUC6
SP1,MYBL1
SP1,MYBL2
SP1,MYC
SP1,MYCN
SP1,MYCN
SP1,MYCN
SP1,NDUFV1
SP1,NDUFV2
SP1,NF1
SP1,NFKB1
SP1,NFKB2
SP1,NKX2-1
SP1,NOL7
SP1,NOS1
SP1,NOS3
SP1,NOS3
SP1,NPY
SP1,NQO2
SP1,NR4A1
SP1,NR5A1
SP1,NT5E
SP1,OAT
SP1,ODC1
SP1,OPRM1
SP1,OPRM1
SP1,OXTR
SP1,P2RX4
SP1,P4HA1
SP1,PADI1
SP1,PADI3
SP1,PAX6
SP1,PCK1
SP1,PDE6A
SP1,PDE6B
SP1,PDGFB
SP1,PDGFC
SP1,PDHA1
SP1,PDIA2
SP1,PELO
SP1,PGLYRP2
SP1,PGR
SP1,PHGDH
SP1,PLAA
SP1,PLAC1
SP1,PLAT
SP1,PLAU
SP1,PLAUR
SP1,PLAUR
SP1,PNOC
SP1,POLD1
SP1,POLD2
SP1,POLE2
SP1,PON1
SP1,POR
SP1,POR
SP1,POR
SP1,PPL
SP1,PPP2R2B
SP1,PRKCE
SP1,PRM1
SP1,PRNP
SP1,PRNP
SP1,PSEN1
SP1,PSIP1
SP1,PTEN
SP1,PTGES
SP1,PTGIR
SP1,PTGS2
SP1,PTGS2
SP1,PTHLH
SP1,PTK6
SP1,PTN
SP1,PTTG1
SP1,PTTG1
SP1,RARA
SP1,RASSF1
SP1,RECK
SP1,RECK
SP1,RECQL4
SP1,RECQL4
SP1,RELA
SP1,RELA
SP1,RETN
SP1,RGN
SP1,RORA
SP1,RPS3A
SP1,SCNN1B
SP1,SCT
SP1,SCTR
SP1,SERPINB5
SP1,SERPINE1
SP1,SERPINE1
SP1,SGPL1
SP1,SIGIRR
SP1,SIRT1
SP1,SKP2
SP1,SKP2
SP1,SLC13A4
SP1,SLC15A1
SP1,SLC19A1
SP1,SLC19A2
SP1,SLC19A3
SP1,SLC19A3
SP1,SLC25A20
SP1,SLC29A1
SP1,SLC31A1
SP1,SLC39A1
SP1,SLC39A8
SP1,SLC3A2
SP1,SLC4A2
SP1,SLC5A8
SP1,SLC7A5
SP1,SLC9A2
SP1,SMARCA1
SP1,SMPD1
SP1,SNAP25
SP1,SNAPC1
SP1,SNRPN
SP1,SOCS1
SP1,SOD1
SP1,SOD1
SP1,SOD2
SP1,SOD2
SP1,SOX3
SP1,SOX9
SP1,SP3
SP1,SPN
SP1,SPP1
SP1,SPRY2
SP1,SQSTM1
SP1,SRC
SP1,SREBF1
SP1,SREBF1
SP1,SRY
SP1,ST6GAL1
SP1,STAR
SP1,STARD3
SP1,STK11
SP1,SYP
SP1,TAF7
SP1,TAF7
SP1,TBX21
SP1,TBXA2R
SP1,TCN2
SP1,TERF2
SP1,TERT
SP1,TERT
SP1,TF
SP1,TFPI2
SP1,TGFA
SP1,TGFB1
SP1,TGFB1
SP1,TGFBR2
SP1,TGM4
SP1,TH
SP1,THBD
SP1,THBD
SP1,TICAM1
SP1,TIMP1
SP1,TIMP1
SP1,TIMP2
SP1,TIMP3
SP1,TIMP3
SP1,TINF2
SP1,TK1
SP1,TLR2
SP1,TLR2
SP1,TMPO
SP1,TNC
SP1,TNC
SP1,TNF
SP1,TNF
SP1,TNFRSF10B
SP1,TNFRSF10B
SP1,TNFSF10
SP1,TNFSF14
SP1,TNNI3
SP1,TPMT
SP1,TYMP
SP1,TYMS
SP1,UBC
SP1,UGCG
SP1,UGDH
SP1,UGDH
SP1,UGT1A4
SP1,UGT2B15
SP1,USP7
SP1,UTRN
SP1,VAMP2
SP1,VDR
SP1,VEGFA
SP1,VEGFA
SP1,VEGFA
SP1,VIM
SP1,WAS
SP1,WIF1
SP1,WRN
SP1,WT1
SP1,XIAP
SP1,XPC
SP1,YY1
SP2,CD14
SP2,CEACAM1
SP2,DNMT3A
SP2,DNMT3B
SP2,HSD17B2
SP2,MAT2A
SP2,MMP9
SP2,PAPSS2
SP3,ABCA1
SP3,ABCA1
SP3,ACE
SP3,AGTR1
SP3,ALOX12
SP3,ALPL
SP3,ATP2A2
SP3,BIRC5
SP3,BPI
SP3,BSG
SP3,BTK
SP3,CA9
SP3,CBS
SP3,CCND1
SP3,CD14
SP3,CD2AP
SP3,CD83
SP3,ADGRE5
SP3,CDH2
SP3,CDKN1A
SP3,CDKN1A
SP3,CDKN1A
SP3,CDKN2A
SP3,CDKN2B
SP3,CENPH
SP3,CETP
SP3,CETP
SP3,CFTR
SP3,CHRNB4
SP3,COL11A2
SP3,COL1A1
SP3,COL2A1
SP3,COL2A1
SP3,CTSB
SP3,CTSL
SP3,CYP17A1
SP3,CYP27A1
SP3,CYP2F1
SP3,CYP3A5
SP3,CYP3A7
SP3,CYP46A1
SP3,DMRT1
SP3,DNASE2
SP3,DNMT3A
SP3,DNMT3B
SP3,EAPP
SP3,ERBB2
SP3,ETF1
SP3,F2R
SP3,FBLN1
SP3,FBP1
SP3,FGFR3
SP3,FOXP3
SP3,GDF5
SP3,GIPR
SP3,HBEGF
SP3,HDAC4
SP3,HGF
SP3,HMGA2
SP3,HOXB7
SP3,HSD17B2
SP3,ID4
SP3,IGFBP1
SP3,IGFBP3
SP3,IGFBP4
SP3,ITGA2
SP3,ITGAD
SP3,ITGAV
SP3,KDR
SP3,KDR
SP3,KLK3
SP3,LAMA1
SP3,LCAT
SP3,CNMD
SP3,LOR
SP3,LPL
SP3,LPL
SP3,MAOB
SP3,MAT2A
SP3,MICB
SP3,MMP2
SP3,MSH6
SP3,MUC2
SP3,MUC4
SP3,MUC6
SP3,MYCN
SP3,NFKB1
SP3,NKX2-1
SP3,NOS3
SP3,NOX4
SP3,OPRM1
SP3,PADI1
SP3,PADI3
SP3,PLAT
SP3,PLAUR
SP3,RASSF1
SP3,RECK
SP3,RELA
SP3,RORA
SP3,SCT
SP3,SCTR
SP3,SLC19A3
SP3,SLC1A3
SP3,SLC9A2
SP3,SOCS3
SP3,SOX18
SP3,TCN2
SP3,TFF1
SP3,TFF2
SP3,TGM4
SP3,TIMP1
SP3,TIMP2
SP3,TPMT
SP3,TYMP
SP3,UBC
SP3,UTRN
SP3,VEGFA
SP3,YY1
SP4,ASS1
SP4,BIRC5
SP4,CCND1
SP4,ERBB2
SP4,FGFR3
SP4,KDR
SP4,KDR
SP4,MAOB
SP4,NFKB1
SP4,PDE6B
SP4,RELA
SP4,YY1
SP7,COL11A2
SPEN,DMPK
SPEN,NCOR2
SRCAP,KLK3
SRCAP,PCK2
SREBF1,ACACB
SREBF1,ACLY
SREBF1,APOA5
SREBF1,APOA5
SREBF1,AR
SREBF1,BCL2L1
SREBF1,CAV1
SREBF1,CETP
SREBF1,CIC
SREBF1,FABP6
SREBF1,FAS
SREBF1,FAS
SREBF1,FASN
SREBF1,FDFT1
SREBF1,FDPS
SREBF1,HK2
SREBF1,HMOX1
SREBF1,IRS2
SREBF1,LDLR
SREBF1,LDLR
SREBF1,LPIN1
SREBF1,LRP1
SREBF1,NR0B2
SREBF1,PCK1
SREBF1,PCSK9
SREBF1,PDX1
SREBF1,PPARG
SREBF1,SCD
SREBF1,SCD5
SREBF1,THRSP
SREBF2,ABCA1
SREBF2,ABCG5
SREBF2,ABCG8
SREBF2,ACOT7
SREBF2,FABP6
SREBF2,FAS
SREBF2,FDFT1
SREBF2,FDPS
SREBF2,HMGCR
SREBF2,HMGCR
SREBF2,HNF4A
SREBF2,LDLR
SREBF2,LIPC
SREBF2,LRP1
SREBF2,MTTP
SREBF2,NPC1L1
SREBF2,NPC1L1
SREBF2,PCSK9
SREBF2,PON1
SREBF2,PON2
SREBF2,PPARG
SREBF2,PRSS8
SSB,HAP1
SSB,LAMB1
SSB,XIAP
STAT1,ACAT1
STAT1,APP
STAT1,BAX
STAT1,CCL2
STAT1,CCL3
STAT1,CCR1
STAT1,CD22
STAT1,CD40
STAT1,CD40LG
STAT1,CD86
STAT1,CDKN1A
STAT1,CEBPE
STAT1,CFTR
STAT1,CFTR
STAT1,CHAT
STAT1,CIITA
STAT1,CIITA
STAT1,CTSB
STAT1,CTSL
STAT1,CXCL10
STAT1,CXCL10
STAT1,EDN1
STAT1,EGFR
STAT1,FAS
STAT1,FCGR1A
STAT1,FCGRT
STAT1,FGF2
STAT1,FGF2
STAT1,FGFR3
STAT1,FOXP3
STAT1,GAST
STAT1,GAST
STAT1,GLS
STAT1,HLA-E
STAT1,HMOX1
STAT1,HSP90AA1
STAT1,ICAM1
STAT1,IFIT3
STAT1,IFNA1
STAT1,IFNA1
STAT1,IFNB1
STAT1,IFNG
STAT1,IFNG
STAT1,IFNG
STAT1,IFNLR1
STAT1,IL10
STAT1,IL1B
STAT1,IL1R1
STAT1,IL27
STAT1,IL2RA
STAT1,IL6
STAT1,IRF1
STAT1,IRF1
STAT1,IRF1
STAT1,IRF7
STAT1,IRF8
STAT1,IVL
STAT1,JAK2
STAT1,KRT17
STAT1,LCN2
STAT1,LY96
STAT1,MMP13
STAT1,MMP9
STAT1,MUC1
STAT1,MUC4
STAT1,MVP
STAT1,NOS2
STAT1,NOS2
STAT1,NOX1
STAT1,NOX4
STAT1,NOX5
STAT1,NR1H4
STAT1,OPRM1
STAT1,PIM1
STAT1,PLSCR1
STAT1,PML
STAT1,PML
STAT1,PPARA
STAT1,PRKCE
STAT1,PSMB9
STAT1,PTGS2
STAT1,PTGS2
STAT1,S100A10
STAT1,SCARB1
STAT1,SMARCA4
STAT1,SOCS3
STAT1,STAT2
STAT1,STAT3
STAT1,TAP1
STAT1,TBX21
STAT1,TIMP1
STAT1,TLR3
STAT1,TNFSF13B
STAT1,TP53
STAT1,TP53
STAT1,UPP1
STAT1,VIP
STAT1,XAF1
STAT3,A2M
STAT3,ABCA1
STAT3,AKAP12
STAT3,AKT1
STAT3,AR
STAT3,BCL2
STAT3,BCL2
STAT3,BCL2
STAT3,BCL2L1
STAT3,BCL2L1
STAT3,BCL2L1
STAT3,BCL6
STAT3,BIRC5
STAT3,BIRC5
STAT3,CCL11
STAT3,CCL11
STAT3,CCL2
STAT3,CCND1
STAT3,CCND1
STAT3,CCND1
STAT3,CCND2
STAT3,CCND3
STAT3,CD46
STAT3,CDH1
STAT3,CDK4
STAT3,CDKN1A
STAT3,CDKN1A
STAT3,CDKN1B
STAT3,CFB
STAT3,CFLAR
STAT3,CHI3L1
STAT3,CISH
STAT3,COPS5
STAT3,CRP
STAT3,CRP
STAT3,CSRP1
STAT3,CSRP1
STAT3,CTGF
STAT3,CXCL8
STAT3,CYP19A1
STAT3,CYR61
STAT3,DDIT3
STAT3,DIRAS3
STAT3,DNMT1
STAT3,DNMT1
STAT3,EGFR
STAT3,EPAS1
STAT3,ESR2
STAT3,ETV6
STAT3,F2R
STAT3,FAAH
STAT3,FAS
STAT3,FAS
STAT3,FGF1
STAT3,FGF2
STAT3,FGF2
STAT3,FGG
STAT3,FGL1
STAT3,FLT3
STAT3,FOS
STAT3,GAST
STAT3,GAST
STAT3,GFAP
STAT3,GFAP
STAT3,GREB1
STAT3,HAMP
STAT3,HAMP
STAT3,HGF
STAT3,HGF
STAT3,HIF1A
STAT3,HIF1A
STAT3,HMOX1
STAT3,HP
STAT3,HSPA4
STAT3,HSPB1
STAT3,ICAM1
STAT3,IFNAR1
STAT3,IFNG
STAT3,IKBKE
STAT3,IL10
STAT3,IL10
STAT3,IL11
STAT3,IL1RN
STAT3,IL2
STAT3,IL2RA
STAT3,IL6
STAT3,IL6
STAT3,IL6
STAT3,IRF1
STAT3,IRF1
STAT3,JAK2
STAT3,JAK2
STAT3,JUNB
STAT3,KLF11
STAT3,KRT17
STAT3,LCAT
STAT3,LEP
STAT3,LGALS3BP
STAT3,LTBP1
STAT3,MCL1
STAT3,MCL1
STAT3,MCL1
STAT3,MDC1
STAT3,MICA
STAT3,MMP1
STAT3,MMP10
STAT3,MMP14
STAT3,MMP2
STAT3,MMP2
STAT3,MMP2
STAT3,MMP3
STAT3,MMP7
STAT3,MMP7
STAT3,MMP9
STAT3,MUC1
STAT3,MUC4
STAT3,MUC4
STAT3,MUC5B
STAT3,MYC
STAT3,MYC
STAT3,MYC
STAT3,MYD88
STAT3,NANOG
STAT3,NLK
STAT3,NME1
STAT3,NOX1
STAT3,NOX4
STAT3,NOX5
STAT3,NR2C2
STAT3,OAS1
STAT3,OPRM1
STAT3,OSM
STAT3,PAX3
STAT3,PGF
STAT3,PHB
STAT3,PIAS3
STAT3,PIM1
STAT3,PIM1
STAT3,POU2F1
STAT3,PPARA
STAT3,PRDM1
STAT3,PRDM1
STAT3,PROS1
STAT3,PSMB5
STAT3,PTEN
STAT3,PTGS2
STAT3,PTGS2
STAT3,PTPN13
STAT3,PTPN6
STAT3,PTPN6
STAT3,ROR1
STAT3,S100A11
STAT3,S1PR1
STAT3,SAA1
STAT3,SALL4
STAT3,SHH
STAT3,SOCS1
STAT3,SOCS3
STAT3,SOCS3
STAT3,STAT1
STAT3,STK11
STAT3,STS
STAT3,TERT
STAT3,TGFB1
STAT3,TIMP1
STAT3,TIMP1
STAT3,TNFRSF10B
STAT3,TP53
STAT3,TP63
STAT3,TRH
STAT3,TWIST1
STAT3,TWIST1
STAT3,TWIST1
STAT3,TWIST2
STAT3,TYK2
STAT3,UCP2
STAT3,USP7
STAT3,VDR
STAT3,VEGFA
STAT3,VEGFA
STAT3,VEGFA
STAT3,VEGFA
STAT3,VEGFB
STAT3,ZFP36
STAT5B,BCL2L1
STAT5B,BCL6
STAT5B,CCND1
STAT5B,CEL
STAT5B,ESR1
STAT5B,ESR2
STAT5B,IFNG
STAT5B,IGF1
SUGP1,IL1B
SUPT3H,NEDD4L
SUZ12,HOXA9
SUZ12,IGF2
SUZ12,SNAI2
SUZ12,TWIST1
TAF1,AR
TAF1,CDKN1A
TAF1,LRIG2
TAF1,SRC
TAF1,TBP
TAF4,ATF7
TAF4,CDKN1A
TAF5,CDKN1A
TAL1,ALDH1A2
TAL1,ANGPT2
TAL1,CD34
TAL1,EPOR
TAL1,ERG
TAL1,KRT7
TAL1,MYB
TAL1,MYCN
TAL1,NFKB1
TAL1,TERT
TBC1D22A,ACBD3
TBL1X,MYC
TBPL1,NF1
TBX2,CDKN1A
TBX2,CDKN2A
TBX3,CDKN1A
TBX3,CDKN2A
TCF12,CDH1
TCF3,AICDA
TCF3,BBC3
TCF3,CD4
TCF3,CDH1
TCF3,CDK6
TCF3,CDKN1A
TCF3,CDKN1A
TCF3,CR2
TCF3,EXO1
TCF3,IL5RA
TCF3,INS
TCF3,MYC
TCF3,MYC
TCF3,POU5F1
TCF3,RAG1
TCF4,ABCB1
TCF4,BCL2
TCF4,BIRC5
TCF4,CCND1
TCF4,CCND1
TCF4,CD44
TCF4,CLEC4C
TCF4,CNTNAP2
TCF4,DEFA5
TCF4,DEFA6
TCF4,FST
TCF4,HECA
TCF4,JUN
TCF4,KLF4
TCF4,LGR5
TCF4,MITF
TCF4,MYC
TCF4,MYC
TCF4,NOTUM
TCF4,NRXN1
TCF4,PLD1
TCF4,PTEN
TCF4,SKP2
TCF4,VCAN
TCF4,VEGFA
TCF4,VIM
TCF4,WNT4
TCFL5,CD2
TEAD1,ATP6V0A2
TEAD1,MSLN
TEAD1,NAIP
TEAD1,PAX3
TEAD1,SRF
TEAD4,VEGFA
TEF,ALB
TEF,DBP
TEF,NPPB
TFAP2A,ACHE
TFAP2A,ADM
TFAP2A,ADRA1A
TFAP2A,ADRA2B
TFAP2A,APP
TFAP2A,BACE1
TFAP2A,BCL2
TFAP2A,BRS3
TFAP2A,CCNB1
TFAP2A,CD82
TFAP2A,CDH1
TFAP2A,CDH1
TFAP2A,CDKN1A
TFAP2A,CDKN1A
TFAP2A,CDKN1A
TFAP2A,CFTR
TFAP2A,CGA
TFAP2A,CGB3
TFAP2A,COL1A1
TFAP2A,CRABP2
TFAP2A,CRX
TFAP2A,CRYAB
TFAP2A,CYP11A1
TFAP2A,DBH
TFAP2A,DCBLD2
TFAP2A,DCBLD2
TFAP2A,ECM1
TFAP2A,EGFR
TFAP2A,ERBB2
TFAP2A,ETS1
TFAP2A,F2R
TFAP2A,FAS
TFAP2A,FOXA1
TFAP2A,GALNT3
TFAP2A,GAST
TFAP2A,GPX4
TFAP2A,GUSB
TFAP2A,HGF
TFAP2A,HIP1
TFAP2A,HMOX1
TFAP2A,HOXA4
TFAP2A,HSD17B1
TFAP2A,HSD17B1
TFAP2A,HTT
TFAP2A,IGFBP5
TFAP2A,IMPDH2
TFAP2A,KISS1
TFAP2A,KIT
TFAP2A,KLF12
TFAP2A,KRT5
TFAP2A,L1CAM
TFAP2A,LNPEP
TFAP2A,MCAM
TFAP2A,MMP2
TFAP2A,MMP9
TFAP2A,MMP9
TFAP2A,MPG
TFAP2A,MUC4
TFAP2A,MUC4
TFAP2A,NME3
TFAP2A,NR3C1
TFAP2A,OAT
TFAP2A,PLAUR
TFAP2A,POLD2
TFAP2A,PRKCA
TFAP2A,PTEN
TFAP2A,PTGS2
TFAP2A,PVR
TFAP2A,SLC19A1
TFAP2A,SNAP91
TFAP2A,SOD2
TFAP2A,SPRY2
TFAP2A,SULT1E1
TFAP2A,TAF7
TFAP2A,TH
TFAP2A,TIMP2
TFAP2A,VEGFA
TFAP2A,VEGFA
TFCP2,A2M
TFCP2,FGA
TFCP2,GSK3B
TFCP2,PAX6
TFCP2,SPP1
TFCP2,SRY
TFCP2,TF
TFCP2,TYMS
TFCP2,WT1
TFCP2L1,CYP11A1
TFDP1,CAV1
TFDP1,CCNE1
TFDP1,CDK1
TFDP1,DHFR
TFDP1,MYBL2
TFDP1,NRIP1
TFDP1,PCNA
TFDP1,RRM1
TFDP1,TP53
TFDP1,TYMS
THRA,CGA
THRA,SERPINC1
THRB,CGA
THRB,CGA
THRB,POR
TIAL1,PF4
TLE3,RUNX1
TOB1,IL2
TOP2B,RUNX1
TP53BP1,BRCA1
TP53BP1,BRCA1
TP63,BAX
TP63,BRCA1
TP63,CDKN1A
TP63,DDB2
TP63,DEC1
TP63,EVPL
TP63,FDXR
TP63,ID2
TP63,KLF4
TP63,PPARA
TP63,SMARCD3
TP63,TCF4
TP63,VDR
TP63,VDR
TP63,XPC
TP63,ZNF750
TRIM28,E2F3
TRIM28,E2F4
TRIM28,ID1
TRIM28,ZNF274
TRPS1,KLK3
TRPS1,RUNX2
TSC22D3,CCND1
TSC22D3,CDKN1A
TSC22D3,FOXO1
TSC22D3,FOXO3
TSC22D3,FOXO4
TSG101,CEP55
TSG101,EGFR
TSG101,REG4
TTF2,TPO
TTF2,TSG101
UBP1,CYP11A1
UBTF,TAF1B
UPF1,NCBP1
UPF1,SLBP
UPF2,UPF1
URI1,AR
USF2,ABCA1
USF2,APC
USF2,APOA2
USF2,APOA5
USF2,APOA5
USF2,ASCL2
USF2,ASPH
USF2,B2M
USF2,BRCA1
USF2,BRCA2
USF2,CD2
USF2,CEACAM1
USF2,CEACAM5
USF2,CFTR
USF2,CTSB
USF2,CTSD
USF2,CXCR2
USF2,CXCR4
USF2,CYP19A1
USF2,EPAS1
USF2,FBP1
USF2,FCER1A
USF2,FMR1
USF2,FMR1
USF2,HIF1A
USF2,HMOX1
USF2,HOXB4
USF2,HOXB4
USF2,IGF2R
USF2,LIPC
USF2,MYH9
USF2,NR5A1
USF2,P4HA1
USF2,PDX1
USF2,PF4
USF2,PIGR
USF2,PIGR
USF2,PKLR
USF2,POU2F1
USF2,PTGS2
USF2,PTPN6
USF2,SF1
USF2,SLC19A1
USF2,TCN2
USF2,TERT
USF2,TERT
USF2,TERT
USF2,TGFB1
USF2,TGFB1
USF2,TGFB2
USF2,TGFB2
USF2,THBS1
USF2,TOP3A
VDR,AMH
VDR,ASAP2
VDR,BGLAP
VDR,BHLHE40
VDR,CALB1
VDR,CAMP
VDR,CD14
VDR,CDH1
VDR,CDKN1A
VDR,CDKN1B
VDR,CST5
VDR,CXCL8
VDR,CXCL8
VDR,CYP1A1
VDR,CYP24A1
VDR,CYP24A1
VDR,CYP24A1
VDR,CYP3A4
VDR,CYP3A4
VDR,CYP3A4
VDR,CYP3A5
VDR,CYP3A7
VDR,CYP7A1
VDR,DDIT4
VDR,DKK4
VDR,EGFR
VDR,EGFR
VDR,ERBB2
VDR,FOXP3
VDR,HLA-DRB1
VDR,HOXA10
VDR,IGFBP3
VDR,IGFBP3
VDR,IL10
VDR,IL12B
VDR,IL2
VDR,IL6
VDR,NCOR1
VDR,PHB
VDR,PLD1
VDR,PODXL
VDR,PRL
VDR,SKP2
VDR,TLR10
VDR,TNFRSF21
VDR,TPT1
VDR,TRPV6
VDR,UCP1
VHL,ANGPT2
VHL,AR
VHL,CA12
VHL,CA9
VHL,CCND1
VHL,CDKN1B
VHL,CDKN1C
VHL,COL4A2
VHL,CXCR4
VHL,DAB2
VHL,HIF1A
VHL,HIF1A
VHL,IGF1R
VHL,KLF10
VHL,NMU
VHL,SPARC
VHL,BHLHE40
VHL,TCF4
VHL,TFRC
VHL,TP53
VHL,VEGFA
VHL,VEGFA
VHL,VEGFA
WDR5,MYC
WT1,ABCB1
WT1,AMH
WT1,AR
WT1,BCL2
WT1,CAMP
WT1,CCNE1
WT1,CD14
WT1,ADGRE5
WT1,CDC73
WT1,CDH1
WT1,CDKN1A
WT1,CIAO1
WT1,CKM
WT1,CTCF
WT1,CTGF
WT1,CX3CL1
WT1,CXXC5
WT1,CYP19A1
WT1,DNMT3A
WT1,EGFR
WT1,EREG
WT1,ETS1
WT1,HBEGF
WT1,HBEGF
WT1,HOXA10
WT1,IGF1
WT1,IGF1R
WT1,IGF1R
WT1,IGF2
WT1,IGF2
WT1,IL2RB
WT1,IRF8
WT1,ITGAX
WT1,JUN
WT1,JUNB
WT1,KLK3
WT1,MYB
WT1,MYC
WT1,MYC
WT1,MYCN
WT1,NDRG2
WT1,NOV
WT1,NPHS1
WT1,NR5A1
WT1,ODC1
WT1,PAX2
WT1,PDGFA
WT1,PDGFA
WT1,PODXL
WT1,SMAD3
WT1,SNAI2
WT1,SRY
WT1,STIM1
WT1,TBXA2R
WT1,TERT
WT1,THBS1
WT1,THBS1
WT1,U2AF2
WT1,UBE2I
WT1,VDR
WT1,VDR
WT1,VEGFA
WT1,VEGFA
WT1,VEGFB
WT1,WTAP
WWP1,ERBB4
WWP1,TGFBR1
WWTR1,ASNS
WWTR1,BAK1
WWTR1,BAX
WWTR1,IGFBP1
WWTR1,LTBR
WWTR1,SMAD3
XPC,CASP2
XPC,CPD
XPC,KIN
XPC,RNF111
YBX1,ABCB1
YBX1,ABCB1
YBX1,ABCB1
YBX1,AGT
YBX1,ANAPC4
YBX1,AR
YBX1,CCNB1
YBX1,CCNC
YBX1,CDC20
YBX1,CDH1
YBX1,CDKN3
YBX1,CKS2
YBX1,CXCR4
YBX1,E2F1
YBX1,EGFR
YBX1,ERBB2
YBX1,ERBB2
YBX1,ERBB3
YBX1,FAS
YBX1,KPNA2
YBX1,MET
YBX1,MIA
YBX1,MMP13
YBX1,MMP2
YBX1,MNAT1
YBX1,MYCN
YBX1,RAD9A
YBX1,RBBP8
YBX1,SKP2
YBX1,SLC6A4
YBX1,SUMO1
YBX1,TOP2A
YBX1,TYMS
YEATS4,TP53
YY1,ACTC1
YY1,ADORA2A
YY1,APC
YY1,APH1A
YY1,ATP2C1
YY1,BDKRB1
YY1,BRCA1
YY1,CBX5
YY1,CCL13
YY1,CCR5
YY1,CETP
YY1,CFTR
YY1,CFTR
YY1,COL1A2
YY1,COX6A1
YY1,COX7C
YY1,CREBBP
YY1,CREBBP
YY1,CTCF
YY1,CXCR4
YY1,CXCR4
YY1,CYP3A5
YY1,DBH
YY1,DEK
YY1,DNAJB4
YY1,EGFR
YY1,EPAS1
YY1,ERBB2
YY1,ERBB2
YY1,ERCC5
YY1,FAS
YY1,FCER1A
YY1,FCGR2B
YY1,FCGR3B
YY1,FDPS
YY1,FMO3
YY1,GBP1
YY1,GDAP1
YY1,GNAS
YY1,HAS2
YY1,HBE1
YY1,HCFC1
YY1,HDAC1
YY1,HDAC2
YY1,HDAC3
YY1,HIF1A
YY1,HLA-DRA
YY1,HOXB13
YY1,HOXB7
YY1,HSD3B2
YY1,HSPA5
YY1,IFNB1
YY1,IFNG
YY1,IFNG
YY1,IFNG
YY1,IL1B
YY1,IL4
YY1,IL5
YY1,IL5
YY1,INO80
YY1,IRF7
YY1,IVL
YY1,KIR3DL1
YY1,LDLR
YY1,LRIG2
YY1,LSS
YY1,MUC4
YY1,MYC
YY1,MYC
YY1,MYC
YY1,NF1
YY1,NOS2
YY1,NR3C1
YY1,OPRM1
YY1,PARP1
YY1,PCNA
YY1,PCNA
YY1,PDIA6
YY1,PEG3
YY1,POSTN
YY1,PRDM2
YY1,SAP30
YY1,SLC26A3
YY1,SMAD7
YY1,SNRPN
YY1,STAR
YY1,SURF1
YY1,SURF1
YY1,SURF2
YY1,TDO2
YY1,TF
YY1,TFAP2A
YY1,TFRC
YY1,TNFRSF10B
YY1,TNFRSF10B
YY1,TOP3A
YY1,TP53
YY1,TP53
YY1,TP53
YY1,TP73
YY1,TSIX
YY1,VEGFB
YY1,VWF
YY1,WDFY4
YY1,ZNF175
ZBTB14,FHL2
ZBTB2,ARF1
ZBTB2,CDKN1A
ZBTB2,MDM2
ZBTB2,TP53
ZBTB5,CDKN1A
ZBTB7A,CDKN2A
ZBTB7A,FOS
ZBTB7A,MYC
ZBTB7A,PFKP
ZBTB7A,PKM
ZBTB7A,SLC2A3
ZEB1,AR
ZEB1,BCL6
ZEB1,CDH1
ZEB1,CDH1
ZEB1,CDH1
ZEB1,COL4A3
ZEB1,CXADR
ZEB1,EPCAM
ZEB1,GRHL2
ZEB1,ITGB4
ZEB1,LAMC2
ZEB1,MUC1
ZEB1,PKP3
ZEB1,POU5F1
ZEB1,SPRR1B
ZFP36,CXCL8
ZFP36,ELAVL1
ZFP36,HIF1A
ZFP36,HIF1A
ZFP36,IL2
ZFP36,IL6
ZFP36,LATS2
ZFP36,SERPINB2
ZFP36,VEGFA
ZMYND11,IL6
ZNF143,BUB1B
ZNF143,ESCO2
ZNF143,PCYT1A
ZNF143,TALDO1
ZNF148,ADORA2A
ZNF148,CDKN2A
ZNF148,CXCL5
ZNF148,GAST
ZNF148,IRS2
ZNF148,MMP3
ZNF148,ODC1
ZNF148,SOX18
ZNF148,VIM
ZNF148,VIM
ZNF160,TLR4
ZNF175,NTF3
ZNF202,ABCA1
ZNF202,AMACR
ZNF202,POMGNT1
ZNF224,ALDOA
ZNF224,VDR
ZNF239,RBP3
ZNF24,CCND1
ZNF24,CTNNB1
ZNF24,MSLN
ZNF24,PDGFRB
ZNF24,VEGFA
ZNF300,CDKN1A
ZNF300,CDKN1B
ZNF300,CXCL8
ZNF300,IL6
ZNF300,MYC
ZNF350,ATXN2
ZNF350,HMGA2
ZNF350,RBBP8
ZNF350,TRIM28
ZNF383,JUN
ZNF423,BRCA1
ZNF444,SCARF1
ZNF76,CDKN1A
ZNF76,PCYT1A
ZNF76,TALDO1
ZNRD1,ABCB1
ZNRD1,BCL2
